Date,EURUSD
2024-05-17,1.087
2024-05-16,1.0865
2024-05-15,1.0882
2024-05-14,1.0818
2024-05-13,1.0788
2024-05-10,1.0769
2024-05-09,1.0781
2024-05-08,1.0745
2024-05-07,1.0752
2024-05-06,1.0768
2024-05-03,1.0758
2024-05-02,1.0725
2024-05-01,1.0709
2024-04-30,1.0665
2024-04-29,1.0719
2024-04-26,1.0692
2024-04-25,1.0729
2024-04-24,1.0697
2024-04-23,1.0699
2024-04-22,1.0654
2024-04-19,1.0654
2024-04-18,1.0643
2024-04-17,1.0671
2024-04-16,1.0617
2024-04-15,1.0622
2024-04-12,1.0642
2024-04-11,1.0724
2024-04-10,1.0742
2024-04-09,1.0855
2024-04-08,1.0858
2024-04-05,1.0835
2024-04-04,1.0835
2024-04-03,1.0835
2024-04-02,1.0768
2024-04-01,1.0743
2024-03-29,1.0793
2024-03-28,1.0787
2024-03-27,1.0826
2024-03-26,1.083
2024-03-25,1.0836
2024-03-22,1.0805
2024-03-21,1.086
2024-03-20,1.0918
2024-03-19,1.0865
2024-03-18,1.0871
2024-03-15,1.0887
2024-03-14,1.0881
2024-03-13,1.0946
2024-03-12,1.0924
2024-03-11,1.0926
2024-03-08,1.0937
2024-03-07,1.0946
2024-03-06,1.0897
2024-03-05,1.0855
2024-03-04,1.0854
2024-03-01,1.0837
2024-02-29,1.0803
2024-02-28,1.0836
2024-02-27,1.0844
2024-02-26,1.0847
2024-02-23,1.0818
2024-02-22,1.0823
2024-02-21,1.0817
2024-02-20,1.0803
2024-02-19,1.0777
2024-02-16,1.0774
2024-02-15,1.0771
2024-02-14,1.0725
2024-02-13,1.0709
2024-02-12,1.0771
2024-02-09,1.0782
2024-02-08,1.0776
2024-02-07,1.0771
2024-02-06,1.0754
2024-02-05,1.0741
2024-02-02,1.0784
2024-02-01,1.0872
2024-01-31,1.0816
2024-01-30,1.084
2024-01-29,1.0833
2024-01-26,1.0852
2024-01-25,1.0846
2024-01-24,1.0883
2024-01-23,1.0851
2024-01-22,1.0881
2024-01-19,1.0897
2024-01-18,1.0874
2024-01-17,1.0881
2024-01-16,1.0874
2024-01-15,1.0948
2024-01-12,1.0949
2024-01-11,1.097
2024-01-10,1.0971
2024-01-09,1.0931
2024-01-08,1.0949
2024-01-05,1.0941
2024-01-04,1.0943
2024-01-03,1.0921
2024-01-02,1.0947
2024-01-01,1.1044
2023-12-29,1.1036
2023-12-28,1.1059
2023-12-27,1.1103
2023-12-26,1.1042
2023-12-25,1.1007
2023-12-22,1.101
2023-12-21,1.1008
2023-12-20,1.0938
2023-12-19,1.098
2023-12-18,1.0922
2023-12-15,1.0894
2023-12-14,1.0991
2023-12-13,1.0873
2023-12-12,1.0792
2023-12-11,1.0761
2023-12-08,1.0761
2023-12-07,1.0792
2023-12-06,1.0762
2023-12-05,1.0795
2023-12-04,1.0836
2023-12-01,1.0881
2023-11-30,1.0886
2023-11-29,1.0968
2023-11-28,1.099
2023-11-27,1.0953
2023-11-24,1.0939
2023-11-23,1.0904
2023-11-22,1.0887
2023-11-21,1.0909
2023-11-20,1.0938
2023-11-17,1.0907
2023-11-16,1.085
2023-11-15,1.0846
2023-11-14,1.0879
2023-11-13,1.0697
2023-11-10,1.0681
2023-11-09,1.0666
2023-11-08,1.0707
2023-11-07,1.0699
2023-11-06,1.0715
2023-11-03,1.0729
2023-11-02,1.062
2023-11-01,1.0568
2023-10-31,1.0576
2023-10-30,1.0613
2023-10-27,1.0564
2023-10-26,1.056
2023-10-25,1.0563
2023-10-24,1.0588
2023-10-23,1.0668
2023-10-20,1.0593
2023-10-19,1.0579
2023-10-18,1.0535
2023-10-17,1.0575
2023-10-16,1.0558
2023-10-13,1.0509
2023-10-12,1.0526
2023-10-11,1.0617
2023-10-10,1.0603
2023-10-09,1.0565
2023-10-06,1.0586
2023-10-05,1.0548
2023-10-04,1.0503
2023-10-03,1.0465
2023-10-02,1.0476
2023-09-29,1.057
2023-09-28,1.0559
2023-09-27,1.05
2023-09-26,1.057
2023-09-25,1.059
2023-09-22,1.0652
2023-09-21,1.0658
2023-09-20,1.0659
2023-09-19,1.0677
2023-09-18,1.069
2023-09-15,1.0655
2023-09-14,1.0641
2023-09-13,1.0728
2023-09-12,1.0752
2023-09-11,1.0748
2023-09-08,1.0699
2023-09-07,1.0699
2023-09-06,1.0727
2023-09-05,1.072
2023-09-04,1.0794
2023-09-01,1.0773
2023-08-31,1.0841
2023-08-30,1.0924
2023-08-29,1.0877
2023-08-28,1.0817
2023-08-25,1.08
2023-08-24,1.0809
2023-08-23,1.0859
2023-08-22,1.0844
2023-08-21,1.0891
2023-08-18,1.0865
2023-08-17,1.0871
2023-08-16,1.0874
2023-08-15,1.0904
2023-08-14,1.0904
2023-08-11,1.0944
2023-08-10,1.0979
2023-08-09,1.0973
2023-08-08,1.0954
2023-08-07,1.1002
2023-08-04,1.101
2023-08-03,1.0944
2023-08-02,1.0936
2023-08-01,1.0982
2023-07-31,1.0993
2023-07-28,1.1015
2023-07-27,1.0973
2023-07-26,1.1083
2023-07-25,1.1053
2023-07-24,1.1062
2023-07-21,1.1123
2023-07-20,1.1128
2023-07-19,1.1198
2023-07-18,1.1226
2023-07-17,1.1234
2023-07-14,1.1227
2023-07-13,1.1224
2023-07-12,1.1128
2023-07-11,1.1006
2023-07-10,1.0999
2023-07-07,1.0967
2023-07-06,1.0887
2023-07-05,1.0851
2023-07-04,1.0877
2023-07-03,1.0911
2023-06-30,1.091
2023-06-29,1.0864
2023-06-28,1.0911
2023-06-27,1.0959
2023-06-26,1.0904
2023-06-23,1.0889
2023-06-22,1.0956
2023-06-21,1.0984
2023-06-20,1.0916
2023-06-19,1.0922
2023-06-16,1.0933
2023-06-15,1.0945
2023-06-14,1.0831
2023-06-13,1.0791
2023-06-12,1.0757
2023-06-09,1.0747
2023-06-08,1.0781
2023-06-07,1.0697
2023-06-06,1.0691
2023-06-05,1.0712
2023-06-02,1.0706
2023-06-01,1.0761
2023-05-31,1.0688
2023-05-30,1.0733
2023-05-29,1.0705
2023-05-26,1.0724
2023-05-25,1.0719
2023-05-24,1.0748
2023-05-23,1.0768
2023-05-22,1.0811
2023-05-19,1.0802
2023-05-18,1.0769
2023-05-17,1.0839
2023-05-16,1.0861
2023-05-15,1.0872
2023-05-12,1.0848
2023-05-11,1.0914
2023-05-10,1.098
2023-05-09,1.096
2023-05-08,1.1004
2023-05-05,1.1017
2023-05-04,1.1011
2023-05-03,1.1059
2023-05-02,1.0999
2023-05-01,1.0975
2023-04-28,1.102
2023-04-27,1.1027
2023-04-26,1.104
2023-04-25,1.0972
2023-04-24,1.1041
2023-04-21,1.0987
2023-04-20,1.0967
2023-04-19,1.0954
2023-04-18,1.0971
2023-04-17,1.0926
2023-04-14,1.1
2023-04-13,1.1044
2023-04-12,1.0989
2023-04-11,1.091
2023-04-10,1.0859
2023-04-07,1.0897
2023-04-06,1.092
2023-04-05,1.0903
2023-04-04,1.0952
2023-04-03,1.0895
2023-03-31,1.0839
2023-03-30,1.0901
2023-03-29,1.0843
2023-03-28,1.0843
2023-03-27,1.0796
2023-03-24,1.0759
2023-03-23,1.083
2023-03-22,1.0855
2023-03-21,1.0767
2023-03-20,1.0719
2023-03-17,1.0666
2023-03-16,1.0605
2023-03-15,1.0575
2023-03-14,1.0732
2023-03-13,1.0729
2023-03-10,1.0643
2023-03-09,1.058
2023-03-08,1.0544
2023-03-07,1.0547
2023-03-06,1.0678
2023-03-03,1.0632
2023-03-02,1.0596
2023-03-01,1.0665
2023-02-28,1.0576
2023-02-27,1.0607
2023-02-24,1.0546
2023-02-23,1.0595
2023-02-22,1.0601
2023-02-21,1.0646
2023-02-20,1.0682
2023-02-17,1.0694
2023-02-16,1.0668
2023-02-15,1.0689
2023-02-14,1.0735
2023-02-13,1.072
2023-02-10,1.0675
2023-02-09,1.0736
2023-02-08,1.0709
2023-02-07,1.0723
2023-02-06,1.073
2023-02-03,1.0793
2023-02-02,1.091
2023-02-01,1.0989
2023-01-31,1.0862
2023-01-30,1.0844
2023-01-27,1.0867
2023-01-26,1.0889
2023-01-25,1.0915
2023-01-24,1.0885
2023-01-23,1.0868
2023-01-20,1.0855
2023-01-19,1.0827
2023-01-18,1.0792
2023-01-17,1.0788
2023-01-16,1.0816
2023-01-13,1.0828
2023-01-12,1.0846
2023-01-11,1.0755
2023-01-10,1.0734
2023-01-09,1.0728
2023-01-06,1.0644
2023-01-05,1.052
2023-01-04,1.0599
2023-01-03,1.0546
2023-01-02,1.0662
2022-12-30,1.0702
2022-12-29,1.0661
2022-12-28,1.0608
2022-12-27,1.0638
2022-12-26,1.0635
2022-12-23,1.0614
2022-12-22,1.0593
2022-12-21,1.0603
2022-12-20,1.0621
2022-12-19,1.0605
2022-12-16,1.0582
2022-12-15,1.0626
2022-12-14,1.0682
2022-12-13,1.063
2022-12-12,1.0535
2022-12-09,1.053
2022-12-08,1.0556
2022-12-07,1.0505
2022-12-06,1.0469
2022-12-05,1.0491
2022-12-02,1.0538
2022-12-01,1.0522
2022-11-30,1.0405
2022-11-29,1.0327
2022-11-28,1.0337
2022-11-25,1.0395
2022-11-24,1.0408
2022-11-23,1.0395
2022-11-22,1.0302
2022-11-21,1.0241
2022-11-18,1.0324
2022-11-17,1.036
2022-11-16,1.0392
2022-11-15,1.0348
2022-11-14,1.0325
2022-11-11,1.0352
2022-11-10,1.0208
2022-11-09,1.0011
2022-11-08,1.0072
2022-11-07,1.0019
2022-11-04,0.996
2022-11-03,0.9751
2022-11-02,0.9817
2022-11-01,0.9874
2022-10-31,0.9883
2022-10-28,0.9963
2022-10-27,0.9962
2022-10-26,1.0077
2022-10-25,0.9964
2022-10-24,0.9874
2022-10-21,0.986
2022-10-20,0.9783
2022-10-19,0.9771
2022-10-18,0.9852
2022-10-17,0.9838
2022-10-14,0.9719
2022-10-13,0.9773
2022-10-12,0.9704
2022-10-11,0.9703
2022-10-10,0.97
2022-10-07,0.9741
2022-10-06,0.9788
2022-10-05,0.9882
2022-10-04,0.9983
2022-10-03,0.9824
2022-09-30,0.9799
2022-09-29,0.9814
2022-09-28,0.9734
2022-09-27,0.9592
2022-09-26,0.9606
2022-09-23,0.969
2022-09-22,0.9836
2022-09-21,0.9837
2022-09-20,0.997
2022-09-19,1.0022
2022-09-16,1.0015
2022-09-15,0.9999
2022-09-14,0.9977
2022-09-13,0.997
2022-09-12,1.0119
2022-09-09,1.0039
2022-09-08,0.9994
2022-09-07,0.9999
2022-09-06,0.9902
2022-09-05,0.9926
2022-09-02,0.9951
2022-09-01,0.9944
2022-08-31,1.0057
2022-08-30,1.0012
2022-08-29,0.9995
2022-08-26,0.9961
2022-08-25,0.9974
2022-08-24,0.9965
2022-08-23,0.9967
2022-08-22,0.9941
2022-08-19,1.0034
2022-08-18,1.0088
2022-08-17,1.018
2022-08-16,1.017
2022-08-15,1.016
2022-08-12,1.0258
2022-08-11,1.0317
2022-08-10,1.0297
2022-08-09,1.0211
2022-08-08,1.0195
2022-08-05,1.0181
2022-08-04,1.0243
2022-08-03,1.0164
2022-08-02,1.0164
2022-08-01,1.0261
2022-07-29,1.0218
2022-07-28,1.0196
2022-07-27,1.0202
2022-07-26,1.0114
2022-07-25,1.022
2022-07-22,1.021
2022-07-21,1.0228
2022-07-20,1.0177
2022-07-19,1.0224
2022-07-18,1.0141
2022-07-15,1.0087
2022-07-14,1.0016
2022-07-13,1.006
2022-07-12,1.0036
2022-07-11,1.0039
2022-07-08,1.0183
2022-07-07,1.0159
2022-07-06,1.0181
2022-07-05,1.0266
2022-07-04,1.0421
2022-07-01,1.0428
2022-06-30,1.0482
2022-06-29,1.0439
2022-06-28,1.0518
2022-06-27,1.0583
2022-06-24,1.0554
2022-06-23,1.0523
2022-06-22,1.0565
2022-06-21,1.0525
2022-06-20,1.0509
2022-06-17,1.0498
2022-06-16,1.0547
2022-06-15,1.0443
2022-06-14,1.0414
2022-06-13,1.0408
2022-06-10,1.0515
2022-06-09,1.0614
2022-06-08,1.0714
2022-06-07,1.0699
2022-06-06,1.0694
2022-06-03,1.0718
2022-06-02,1.0745
2022-06-01,1.0646
2022-05-31,1.0733
2022-05-30,1.0777
2022-05-27,1.0727
2022-05-26,1.0724
2022-05-25,1.068
2022-05-24,1.0734
2022-05-23,1.0689
2022-05-20,1.056
2022-05-19,1.0586
2022-05-18,1.0466
2022-05-17,1.0547
2022-05-16,1.0431
2022-05-13,1.0411
2022-05-12,1.0379
2022-05-11,1.0511
2022-05-10,1.0527
2022-05-09,1.0555
2022-05-06,1.0551
2022-05-05,1.054
2022-05-04,1.0621
2022-05-03,1.052
2022-05-02,1.0504
2022-04-29,1.0541
2022-04-28,1.0494
2022-04-27,1.0555
2022-04-26,1.0636
2022-04-25,1.0711
2022-04-22,1.0794
2022-04-21,1.0836
2022-04-20,1.085
2022-04-19,1.0786
2022-04-18,1.078
2022-04-15,1.0806
2022-04-14,1.0827
2022-04-13,1.0885
2022-04-12,1.0826
2022-04-11,1.0883
2022-04-08,1.0876
2022-04-07,1.0878
2022-04-06,1.0893
2022-04-05,1.0903
2022-04-04,1.097
2022-04-01,1.1053
2022-03-31,1.1065
2022-03-30,1.1156
2022-03-29,1.1085
2022-03-28,1.0978
2022-03-25,1.0981
2022-03-24,1.0996
2022-03-23,1.1004
2022-03-22,1.1027
2022-03-21,1.1014
2022-03-18,1.1055
2022-03-17,1.1089
2022-03-16,1.1032
2022-03-15,1.0951
2022-03-14,1.0939
2022-03-11,1.0909
2022-03-10,1.0983
2022-03-09,1.1075
2022-03-08,1.0899
2022-03-07,1.0852
2022-03-04,1.0926
2022-03-03,1.1064
2022-03-02,1.1121
2022-03-01,1.1126
2022-02-28,1.1219
2022-02-25,1.1267
2022-02-24,1.1191
2022-02-23,1.1309
2022-02-22,1.1325
2022-02-21,1.131
2022-02-18,1.1321
2022-02-17,1.136
2022-02-16,1.1373
2022-02-15,1.1356
2022-02-14,1.1305
2022-02-11,1.1349
2022-02-10,1.1427
2022-02-09,1.1422
2022-02-08,1.1414
2022-02-07,1.1442
2022-02-04,1.1446
2022-02-03,1.1438
2022-02-02,1.1303
2022-02-01,1.1269
2022-01-31,1.1233
2022-01-28,1.1143
2022-01-27,1.1143
2022-01-26,1.1237
2022-01-25,1.1299
2022-01-24,1.1323
2022-01-21,1.134
2022-01-20,1.131
2022-01-19,1.1341
2022-01-18,1.1325
2022-01-17,1.1407
2022-01-14,1.1414
2022-01-13,1.1453
2022-01-12,1.1442
2022-01-11,1.1364
2022-01-10,1.1324
2022-01-07,1.1359
2022-01-06,1.1291
2022-01-05,1.1313
2022-01-04,1.1285
2022-01-03,1.1294
2021-12-31,1.1368
2021-12-30,1.1323
2021-12-29,1.1348
2021-12-28,1.1309
2021-12-27,1.1325
2021-12-24,1.1317
2021-12-23,1.1328
2021-12-22,1.1324
2021-12-21,1.1283
2021-12-20,1.1275
2021-12-17,1.1239
2021-12-16,1.1328
2021-12-15,1.1285
2021-12-14,1.1257
2021-12-13,1.1283
2021-12-10,1.1311
2021-12-09,1.1292
2021-12-08,1.1342
2021-12-07,1.1263
2021-12-06,1.1285
2021-12-03,1.1313
2021-12-02,1.1299
2021-12-01,1.1319
2021-11-30,1.1336
2021-11-29,1.1291
2021-11-26,1.1317
2021-11-25,1.1206
2021-11-24,1.1197
2021-11-23,1.1246
2021-11-22,1.1234
2021-11-19,1.1288
2021-11-18,1.1369
2021-11-17,1.1319
2021-11-16,1.1319
2021-11-15,1.1367
2021-11-12,1.145
2021-11-11,1.145
2021-11-10,1.1478
2021-11-09,1.1591
2021-11-08,1.1586
2021-11-05,1.1566
2021-11-04,1.1552
2021-11-03,1.161
2021-11-02,1.1577
2021-11-01,1.1606
2021-10-29,1.1561
2021-10-28,1.1679
2021-10-27,1.1604
2021-10-26,1.1595
2021-10-25,1.1606
2021-10-22,1.1647
2021-10-21,1.1621
2021-10-20,1.1649
2021-10-19,1.1632
2021-10-18,1.1609
2021-10-15,1.16
2021-10-14,1.1594
2021-10-13,1.1592
2021-10-12,1.1527
2021-10-11,1.1551
2021-10-08,1.1567
2021-10-07,1.155
2021-10-06,1.1556
2021-10-05,1.1596
2021-10-04,1.1621
2021-10-01,1.1594
2021-09-30,1.1581
2021-09-29,1.1595
2021-09-28,1.1681
2021-09-27,1.1694
2021-09-24,1.1714
2021-09-23,1.1736
2021-09-22,1.1686
2021-09-21,1.1723
2021-09-20,1.1725
2021-09-17,1.1725
2021-09-16,1.1764
2021-09-15,1.1815
2021-09-14,1.1802
2021-09-13,1.1808
2021-09-10,1.1814
2021-09-09,1.1825
2021-09-08,1.1813
2021-09-07,1.1839
2021-09-06,1.1868
2021-09-03,1.1882
2021-09-02,1.1873
2021-09-01,1.1837
2021-08-31,1.1807
2021-08-30,1.1795
2021-08-27,1.1793
2021-08-26,1.175
2021-08-25,1.177
2021-08-24,1.1753
2021-08-23,1.1743
2021-08-20,1.1696
2021-08-19,1.1674
2021-08-18,1.171
2021-08-17,1.1708
2021-08-16,1.1777
2021-08-13,1.1791
2021-08-12,1.1727
2021-08-11,1.1737
2021-08-10,1.1718
2021-08-09,1.1737
2021-08-06,1.176
2021-08-05,1.1832
2021-08-04,1.1835
2021-08-03,1.186
2021-08-02,1.1867
2021-07-30,1.187
2021-07-29,1.1886
2021-07-28,1.1842
2021-07-27,1.1814
2021-07-26,1.1799
2021-07-23,1.1771
2021-07-22,1.177
2021-07-21,1.1792
2021-07-20,1.1779
2021-07-19,1.1798
2021-07-16,1.1805
2021-07-15,1.1812
2021-07-14,1.1835
2021-07-13,1.1774
2021-07-12,1.1859
2021-07-09,1.1873
2021-07-08,1.1842
2021-07-07,1.1789
2021-07-06,1.1822
2021-07-05,1.1861
2021-07-02,1.1864
2021-07-01,1.1848
2021-06-30,1.1855
2021-06-29,1.1895
2021-06-28,1.1924
2021-06-25,1.1933
2021-06-24,1.193
2021-06-23,1.1925
2021-06-22,1.1938
2021-06-21,1.1915
2021-06-18,1.186
2021-06-17,1.1906
2021-06-16,1.1994
2021-06-15,1.2124
2021-06-14,1.2118
2021-06-11,1.2106
2021-06-10,1.2169
2021-06-09,1.2178
2021-06-08,1.2171
2021-06-07,1.2189
2021-06-04,1.2165
2021-06-03,1.2124
2021-06-02,1.2209
2021-06-01,1.2211
2021-05-31,1.2225
2021-05-28,1.2189
2021-05-27,1.2192
2021-05-26,1.219
2021-05-25,1.225
2021-05-24,1.2215
2021-05-21,1.2179
2021-05-20,1.2226
2021-05-19,1.2172
2021-05-18,1.222
2021-05-17,1.2151
2021-05-14,1.214
2021-05-13,1.2078
2021-05-12,1.2069
2021-05-11,1.2146
2021-05-10,1.2129
2021-05-07,1.2163
2021-05-06,1.2064
2021-05-05,1.2005
2021-05-04,1.2013
2021-05-03,1.2061
2021-04-30,1.2018
2021-04-29,1.2118
2021-04-28,1.2123
2021-04-27,1.209
2021-04-26,1.2083
2021-04-23,1.2099
2021-04-22,1.2015
2021-04-21,1.2033
2021-04-20,1.2033
2021-04-19,1.2033
2021-04-16,1.1983
2021-04-15,1.1965
2021-04-14,1.1978
2021-04-13,1.1946
2021-04-12,1.1909
2021-04-09,1.1896
2021-04-08,1.1912
2021-04-07,1.187
2021-04-06,1.1875
2021-04-05,1.1811
2021-04-02,1.1762
2021-04-01,1.1775
2021-03-31,1.1728
2021-03-30,1.1714
2021-03-29,1.1762
2021-03-26,1.1796
2021-03-25,1.1764
2021-03-24,1.1812
2021-03-23,1.1849
2021-03-22,1.1931
2021-03-19,1.1903
2021-03-18,1.1915
2021-03-17,1.1978
2021-03-16,1.19
2021-03-15,1.1928
2021-03-12,1.1952
2021-03-11,1.1984
2021-03-10,1.1925
2021-03-09,1.1898
2021-03-08,1.1843
2021-03-05,1.1917
2021-03-04,1.1966
2021-03-03,1.2062
2021-03-02,1.2089
2021-03-01,1.2047
2021-02-26,1.2074
2021-02-25,1.2176
2021-02-24,1.2164
2021-02-23,1.2149
2021-02-22,1.2154
2021-02-19,1.2117
2021-02-18,1.2088
2021-02-17,1.2036
2021-02-16,1.2104
2021-02-15,1.2127
2021-02-12,1.2118
2021-02-11,1.2128
2021-02-10,1.2116
2021-02-09,1.2117
2021-02-08,1.2048
2021-02-05,1.2042
2021-02-04,1.1962
2021-02-03,1.2034
2021-02-02,1.2042
2021-02-01,1.2059
2021-01-29,1.2136
2021-01-28,1.2121
2021-01-27,1.2108
2021-01-26,1.216
2021-01-25,1.2137
2021-01-22,1.2167
2021-01-21,1.2162
2021-01-20,1.2104
2021-01-19,1.2128
2021-01-18,1.2076
2021-01-15,1.2078
2021-01-14,1.2156
2021-01-13,1.2157
2021-01-12,1.2207
2021-01-11,1.2149
2021-01-08,1.2218
2021-01-07,1.227
2021-01-06,1.2325
2021-01-05,1.2294
2021-01-04,1.2248
2021-01-01,1.2212
2020-12-31,1.2213
2020-12-30,1.2295
2020-12-29,1.2247
2020-12-28,1.2214
2020-12-25,1.2204
2020-12-24,1.2186
2020-12-23,1.2185
2020-12-22,1.2161
2020-12-21,1.2242
2020-12-18,1.2255
2020-12-17,1.2266
2020-12-16,1.2197
2020-12-15,1.2151
2020-12-14,1.2143
2020-12-11,1.2111
2020-12-10,1.2136
2020-12-09,1.2081
2020-12-08,1.2101
2020-12-07,1.2108
2020-12-04,1.212
2020-12-03,1.214
2020-12-02,1.2115
2020-12-01,1.207
2020-11-30,1.1928
2020-11-27,1.1962
2020-11-26,1.1913
2020-11-25,1.1913
2020-11-24,1.1888
2020-11-23,1.184
2020-11-20,1.1853
2020-11-19,1.1873
2020-11-18,1.1852
2020-11-17,1.1861
2020-11-16,1.1853
2020-11-13,1.1832
2020-11-12,1.1804
2020-11-11,1.1777
2020-11-10,1.1814
2020-11-09,1.1813
2020-11-06,1.1872
2020-11-05,1.1821
2020-11-04,1.1722
2020-11-03,1.1711
2020-11-02,1.164
2020-10-30,1.1647
2020-10-29,1.1674
2020-10-28,1.1744
2020-10-27,1.1795
2020-10-26,1.1808
2020-10-23,1.1859
2020-10-22,1.1816
2020-10-21,1.1861
2020-10-20,1.1821
2020-10-19,1.1766
2020-10-16,1.1718
2020-10-15,1.1706
2020-10-14,1.1746
2020-10-13,1.1744
2020-10-12,1.1813
2020-10-09,1.1824
2020-10-08,1.1758
2020-10-07,1.176
2020-10-06,1.1734
2020-10-05,1.1781
2020-10-02,1.1713
2020-10-01,1.1747
2020-09-30,1.1718
2020-09-29,1.1742
2020-09-28,1.1664
2020-09-25,1.163
2020-09-24,1.1672
2020-09-23,1.1659
2020-09-22,1.1706
2020-09-21,1.1769
2020-09-18,1.1837
2020-09-17,1.1847
2020-09-16,1.1814
2020-09-15,1.1845
2020-09-14,1.1868
2020-09-11,1.1845
2020-09-10,1.1813
2020-09-09,1.1802
2020-09-08,1.1779
2020-09-07,1.1817
2020-09-04,1.1838
2020-09-03,1.1849
2020-09-02,1.1853
2020-09-01,1.191
2020-08-31,1.1936
2020-08-28,1.1903
2020-08-27,1.1821
2020-08-26,1.1829
2020-08-25,1.1833
2020-08-24,1.1787
2020-08-21,1.1795
2020-08-20,1.1859
2020-08-19,1.1836
2020-08-18,1.1929
2020-08-17,1.1869
2020-08-14,1.1841
2020-08-13,1.1812
2020-08-12,1.1782
2020-08-11,1.1739
2020-08-10,1.1736
2020-08-07,1.1786
2020-08-06,1.1875
2020-08-05,1.1861
2020-08-04,1.18
2020-08-03,1.1761
2020-07-31,1.1774
2020-07-30,1.1846
2020-07-29,1.179
2020-07-28,1.1714
2020-07-27,1.1751
2020-07-24,1.1654
2020-07-23,1.1594
2020-07-22,1.1568
2020-07-21,1.1526
2020-07-20,1.1444
2020-07-17,1.1426
2020-07-16,1.1383
2020-07-15,1.141
2020-07-14,1.1396
2020-07-13,1.134
2020-07-10,1.1298
2020-07-09,1.1281
2020-07-08,1.1329
2020-07-07,1.127
2020-07-06,1.1308
2020-07-03,1.1248
2020-07-02,1.1238
2020-07-01,1.125
2020-06-30,1.1231
2020-06-29,1.124
2020-06-26,1.1217
2020-06-25,1.1217
2020-06-24,1.125
2020-06-23,1.1306
2020-06-22,1.1258
2020-06-19,1.1175
2020-06-18,1.1202
2020-06-17,1.1243
2020-06-16,1.1263
2020-06-15,1.1322
2020-06-12,1.1254
2020-06-11,1.1297
2020-06-10,1.1369
2020-06-09,1.134
2020-06-08,1.1292
2020-06-05,1.1284
2020-06-04,1.1336
2020-06-03,1.1232
2020-06-02,1.1169
2020-06-01,1.1134
2020-05-29,1.1098
2020-05-28,1.1076
2020-05-27,1.1003
2020-05-26,1.098
2020-05-25,1.0899
2020-05-22,1.09
2020-05-21,1.0949
2020-05-20,1.0977
2020-05-19,1.0921
2020-05-18,1.0912
2020-05-15,1.0815
2020-05-14,1.0804
2020-05-13,1.0816
2020-05-12,1.0846
2020-05-11,1.0806
2020-05-08,1.084
2020-05-07,1.0832
2020-05-06,1.0794
2020-05-05,1.0838
2020-05-04,1.0906
2020-05-01,1.0983
2020-04-30,1.0955
2020-04-29,1.0873
2020-04-28,1.0818
2020-04-27,1.0828
2020-04-24,1.082
2020-04-23,1.0776
2020-04-22,1.0822
2020-04-21,1.0856
2020-04-20,1.0862
2020-04-17,1.0876
2020-04-16,1.0835
2020-04-15,1.0907
2020-04-14,1.0979
2020-04-13,1.0913
2020-04-10,1.0935
2020-04-09,1.0927
2020-04-08,1.0856
2020-04-07,1.0889
2020-04-06,1.0791
2020-04-03,1.0808
2020-04-02,1.0856
2020-04-01,1.0962
2020-03-31,1.1029
2020-03-30,1.1046
2020-03-27,1.114
2020-03-26,1.1028
2020-03-25,1.088
2020-03-24,1.0787
2020-03-23,1.0721
2020-03-20,1.0694
2020-03-19,1.069
2020-03-18,1.0913
2020-03-17,1.0996
2020-03-16,1.1181
2020-03-13,1.1105
2020-03-12,1.1183
2020-03-11,1.1267
2020-03-10,1.1279
2020-03-09,1.1447
2020-03-06,1.1285
2020-03-05,1.1239
2020-03-04,1.1134
2020-03-03,1.1171
2020-03-02,1.1132
2020-02-28,1.1025
2020-02-27,1.0998
2020-02-26,1.0879
2020-02-25,1.0879
2020-02-24,1.0852
2020-02-21,1.0843
2020-02-20,1.0783
2020-02-19,1.0804
2020-02-18,1.0791
2020-02-17,1.0834
2020-02-14,1.083
2020-02-13,1.084
2020-02-12,1.0871
2020-02-11,1.0914
2020-02-10,1.0909
2020-02-07,1.0943
2020-02-06,1.098
2020-02-05,1.0997
2020-02-04,1.1042
2020-02-03,1.1058
2020-01-31,1.1093
2020-01-30,1.103
2020-01-29,1.1009
2020-01-28,1.102
2020-01-27,1.1016
2020-01-24,1.1023
2020-01-23,1.1052
2020-01-22,1.1091
2020-01-21,1.1082
2020-01-20,1.1094
2020-01-17,1.1088
2020-01-16,1.1135
2020-01-15,1.1149
2020-01-14,1.1127
2020-01-13,1.1133
2020-01-10,1.112
2020-01-09,1.1105
2020-01-08,1.1103
2020-01-07,1.1151
2020-01-06,1.1193
2020-01-03,1.1158
2020-01-02,1.117
2020-01-01,1.121
2019-12-31,1.121
2019-12-30,1.1197
2019-12-27,1.1175
2019-12-26,1.1096
2019-12-25,1.109
2019-12-24,1.1087
2019-12-23,1.1086
2019-12-20,1.1078
2019-12-19,1.112
2019-12-18,1.1111
2019-12-17,1.1149
2019-12-16,1.1142
2019-12-13,1.1119
2019-12-12,1.1128
2019-12-11,1.1128
2019-12-10,1.1092
2019-12-09,1.1062
2019-12-06,1.1057
2019-12-05,1.1102
2019-12-04,1.1076
2019-12-03,1.1081
2019-12-02,1.1077
2019-11-29,1.1015
2019-11-28,1.1007
2019-11-27,1.0998
2019-11-26,1.1018
2019-11-25,1.1013
2019-11-22,1.1022
2019-11-21,1.1057
2019-11-20,1.1072
2019-11-19,1.1078
2019-11-18,1.107
2019-11-15,1.105
2019-11-14,1.1021
2019-11-13,1.1006
2019-11-12,1.1007
2019-11-11,1.1032
2019-11-08,1.1016
2019-11-07,1.1049
2019-11-06,1.1065
2019-11-05,1.1074
2019-11-04,1.1126
2019-11-01,1.1165
2019-10-31,1.115
2019-10-30,1.1148
2019-10-29,1.111
2019-10-28,1.1098
2019-10-25,1.1078
2019-10-24,1.1104
2019-10-23,1.1129
2019-10-22,1.1124
2019-10-21,1.1148
2019-10-18,1.1169
2019-10-17,1.1122
2019-10-16,1.107
2019-10-15,1.1031
2019-10-14,1.1028
2019-10-11,1.104
2019-10-10,1.1004
2019-10-09,1.0969
2019-10-08,1.0954
2019-10-07,1.097
2019-10-04,1.0976
2019-10-03,1.0964
2019-10-02,1.0958
2019-10-01,1.093
2019-09-30,1.0898
2019-09-27,1.0938
2019-09-26,1.0921
2019-09-25,1.0941
2019-09-24,1.1018
2019-09-23,1.0991
2019-09-20,1.1017
2019-09-19,1.104
2019-09-18,1.1029
2019-09-17,1.1071
2019-09-16,1.1
2019-09-13,1.1073
2019-09-12,1.1061
2019-09-11,1.1009
2019-09-10,1.1043
2019-09-09,1.1046
2019-09-06,1.1027
2019-09-05,1.1033
2019-09-04,1.1033
2019-09-03,1.0972
2019-09-02,1.0966
2019-08-30,1.0989
2019-08-29,1.1055
2019-08-28,1.1077
2019-08-27,1.109
2019-08-26,1.11
2019-08-23,1.1144
2019-08-22,1.1078
2019-08-21,1.1083
2019-08-20,1.1099
2019-08-19,1.1076
2019-08-16,1.1089
2019-08-15,1.1106
2019-08-14,1.1138
2019-08-13,1.1169
2019-08-12,1.1212
2019-08-09,1.1198
2019-08-08,1.1178
2019-08-07,1.1197
2019-08-06,1.1198
2019-08-05,1.1202
2019-08-02,1.1107
2019-08-01,1.1083
2019-07-31,1.1074
2019-07-30,1.1153
2019-07-29,1.1144
2019-07-26,1.1125
2019-07-25,1.1145
2019-07-24,1.1139
2019-07-23,1.1151
2019-07-22,1.1208
2019-07-19,1.122
2019-07-18,1.1275
2019-07-17,1.1223
2019-07-16,1.1209
2019-07-15,1.1257
2019-07-12,1.1269
2019-07-11,1.1252
2019-07-10,1.1249
2019-07-09,1.1206
2019-07-08,1.1214
2019-07-05,1.1224
2019-07-04,1.1284
2019-07-03,1.1277
2019-07-02,1.1283
2019-07-01,1.1285
2019-06-28,1.1368
2019-06-27,1.1368
2019-06-26,1.1368
2019-06-25,1.1365
2019-06-24,1.1396
2019-06-21,1.1366
2019-06-20,1.1291
2019-06-19,1.1224
2019-06-18,1.1191
2019-06-17,1.1217
2019-06-14,1.1207
2019-06-13,1.1275
2019-06-12,1.1287
2019-06-11,1.1329
2019-06-10,1.1312
2019-06-07,1.1331
2019-06-06,1.1274
2019-06-05,1.1219
2019-06-04,1.1251
2019-06-03,1.124
2019-05-31,1.1167
2019-05-30,1.113
2019-05-29,1.1129
2019-05-28,1.116
2019-05-27,1.1196
2019-05-24,1.1202
2019-05-23,1.118
2019-05-22,1.1152
2019-05-21,1.1158
2019-05-20,1.117
2019-05-17,1.1156
2019-05-16,1.1172
2019-05-15,1.12
2019-05-14,1.1203
2019-05-13,1.1223
2019-05-10,1.1233
2019-05-09,1.122
2019-05-08,1.1191
2019-05-07,1.119
2019-05-06,1.1197
2019-05-03,1.12
2019-05-02,1.1176
2019-05-01,1.1194
2019-04-30,1.1215
2019-04-29,1.1185
2019-04-26,1.1148
2019-04-25,1.113
2019-04-24,1.1152
2019-04-23,1.1225
2019-04-22,1.1255
2019-04-19,1.1246
2019-04-18,1.1229
2019-04-17,1.1294
2019-04-16,1.128
2019-04-15,1.1307
2019-04-12,1.13
2019-04-11,1.125
2019-04-10,1.1273
2019-04-09,1.1261
2019-04-08,1.1259
2019-04-05,1.1214
2019-04-04,1.122
2019-04-03,1.1234
2019-04-02,1.1202
2019-04-01,1.1212
2019-03-29,1.1217
2019-03-28,1.122
2019-03-27,1.1247
2019-03-26,1.1264
2019-03-25,1.1311
2019-03-22,1.1313
2019-03-21,1.1373
2019-03-20,1.1411
2019-03-19,1.1349
2019-03-18,1.1336
2019-03-15,1.1325
2019-03-14,1.1302
2019-03-13,1.1325
2019-03-12,1.1286
2019-03-11,1.1247
2019-03-08,1.124
2019-03-07,1.1194
2019-03-06,1.1307
2019-03-05,1.1308
2019-03-04,1.134
2019-03-01,1.1377
2019-02-28,1.1371
2019-02-27,1.1369
2019-02-26,1.1387
2019-02-25,1.1359
2019-02-22,1.1343
2019-02-21,1.1336
2019-02-20,1.1337
2019-02-19,1.1341
2019-02-18,1.1311
2019-02-15,1.1295
2019-02-14,1.1301
2019-02-13,1.1267
2019-02-12,1.1325
2019-02-11,1.1276
2019-02-08,1.133
2019-02-07,1.1341
2019-02-06,1.1362
2019-02-05,1.1415
2019-02-04,1.1438
2019-02-01,1.1456
2019-01-31,1.1446
2019-01-30,1.1479
2019-01-29,1.1432
2019-01-28,1.1434
2019-01-25,1.1415
2019-01-24,1.1306
2019-01-23,1.1381
2019-01-22,1.1359
2019-01-21,1.1366
2019-01-18,1.1363
2019-01-17,1.1398
2019-01-16,1.14
2019-01-15,1.1417
2019-01-14,1.1477
2019-01-11,1.1469
2019-01-10,1.15
2019-01-09,1.1543
2019-01-08,1.1442
2019-01-07,1.1476
2019-01-04,1.1395
2019-01-03,1.1394
2019-01-02,1.1343
2019-01-01,1.1464
2018-12-31,1.147
2018-12-28,1.1438
2018-12-27,1.143
2018-12-26,1.1353
2018-12-25,1.1362
2018-12-24,1.14
2018-12-21,1.1369
2018-12-20,1.1446
2018-12-19,1.1377
2018-12-18,1.1361
2018-12-17,1.1347
2018-12-14,1.1309
2018-12-13,1.1363
2018-12-12,1.1368
2018-12-11,1.1316
2018-12-10,1.1356
2018-12-07,1.1378
2018-12-06,1.1376
2018-12-05,1.1344
2018-12-04,1.1345
2018-12-03,1.1354
2018-11-30,1.1317
2018-11-29,1.1393
2018-11-28,1.1366
2018-11-27,1.1288
2018-11-26,1.1328
2018-11-23,1.1341
2018-11-22,1.1408
2018-11-21,1.1385
2018-11-20,1.1371
2018-11-19,1.1453
2018-11-16,1.142
2018-11-15,1.1328
2018-11-14,1.131
2018-11-13,1.1291
2018-11-12,1.1218
2018-11-09,1.1336
2018-11-08,1.1363
2018-11-07,1.1426
2018-11-06,1.1427
2018-11-05,1.1407
2018-11-02,1.1387
2018-11-01,1.1409
2018-10-31,1.1312
2018-10-30,1.1344
2018-10-29,1.1373
2018-10-26,1.1403
2018-10-25,1.1376
2018-10-24,1.1392
2018-10-23,1.1471
2018-10-22,1.1465
2018-10-19,1.1515
2018-10-18,1.1453
2018-10-17,1.1501
2018-10-16,1.1575
2018-10-15,1.1579
2018-10-12,1.1563
2018-10-11,1.1594
2018-10-10,1.152
2018-10-09,1.149
2018-10-08,1.1492
2018-10-05,1.1524
2018-10-04,1.1515
2018-10-03,1.1478
2018-10-02,1.1548
2018-10-01,1.1578
2018-09-28,1.1609
2018-09-27,1.1641
2018-09-26,1.174
2018-09-25,1.1772
2018-09-24,1.1748
2018-09-21,1.175
2018-09-20,1.1777
2018-09-19,1.1673
2018-09-18,1.1667
2018-09-17,1.1683
2018-09-14,1.163
2018-09-13,1.169
2018-09-12,1.1626
2018-09-11,1.1607
2018-09-10,1.1594
2018-09-07,1.1553
2018-09-06,1.1622
2018-09-05,1.1629
2018-09-04,1.1582
2018-09-03,1.1624
2018-08-31,1.1601
2018-08-30,1.1671
2018-08-29,1.1708
2018-08-28,1.1695
2018-08-27,1.1678
2018-08-24,1.1623
2018-08-23,1.1539
2018-08-22,1.1597
2018-08-21,1.1571
2018-08-20,1.1481
2018-08-17,1.1439
2018-08-16,1.1377
2018-08-15,1.1345
2018-08-14,1.1344
2018-08-13,1.1409
2018-08-10,1.1411
2018-08-09,1.1527
2018-08-08,1.1611
2018-08-07,1.1599
2018-08-06,1.1554
2018-08-03,1.1567
2018-08-02,1.1584
2018-08-01,1.166
2018-07-31,1.1691
2018-07-30,1.1706
2018-07-27,1.1658
2018-07-26,1.1643
2018-07-25,1.1728
2018-07-24,1.1686
2018-07-23,1.1692
2018-07-20,1.172
2018-07-19,1.1643
2018-07-18,1.1639
2018-07-17,1.1661
2018-07-16,1.171
2018-07-13,1.1685
2018-07-12,1.1672
2018-07-11,1.1674
2018-07-10,1.1744
2018-07-09,1.1751
2018-07-06,1.1747
2018-07-05,1.1691
2018-07-04,1.1656
2018-07-03,1.1657
2018-07-02,1.1641
2018-06-29,1.1685
2018-06-28,1.1569
2018-06-27,1.1554
2018-06-26,1.1647
2018-06-25,1.1704
2018-06-22,1.1657
2018-06-21,1.1603
2018-06-20,1.1572
2018-06-19,1.159
2018-06-18,1.1623
2018-06-15,1.1609
2018-06-14,1.1569
2018-06-13,1.1791
2018-06-12,1.1745
2018-06-11,1.1784
2018-06-08,1.1768
2018-06-07,1.1799
2018-06-06,1.1773
2018-06-05,1.1718
2018-06-04,1.1699
2018-06-01,1.1661
2018-05-31,1.1692
2018-05-30,1.1663
2018-05-29,1.154
2018-05-28,1.1623
2018-05-25,1.1652
2018-05-24,1.172
2018-05-23,1.1697
2018-05-22,1.1779
2018-05-21,1.1791
2018-05-18,1.1778
2018-05-17,1.1795
2018-05-16,1.1807
2018-05-15,1.1838
2018-05-14,1.1927
2018-05-11,1.1944
2018-05-10,1.1915
2018-05-09,1.185
2018-05-08,1.1864
2018-05-07,1.1922
2018-05-04,1.196
2018-05-03,1.1988
2018-05-02,1.1951
2018-05-01,1.1993
2018-04-30,1.2079
2018-04-27,1.213
2018-04-26,1.2103
2018-04-25,1.2161
2018-04-24,1.2232
2018-04-23,1.2209
2018-04-20,1.2288
2018-04-19,1.2346
2018-04-18,1.2373
2018-04-17,1.237
2018-04-16,1.238
2018-04-13,1.2331
2018-04-12,1.2327
2018-04-11,1.2367
2018-04-10,1.2356
2018-04-09,1.2321
2018-04-06,1.2283
2018-04-05,1.224
2018-04-04,1.2278
2018-04-03,1.227
2018-04-02,1.2302
2018-03-30,1.2323
2018-03-29,1.2302
2018-03-28,1.2308
2018-03-27,1.2403
2018-03-26,1.2443
2018-03-23,1.2353
2018-03-22,1.2302
2018-03-21,1.2338
2018-03-20,1.2242
2018-03-19,1.2335
2018-03-16,1.2289
2018-03-15,1.2305
2018-03-14,1.2367
2018-03-13,1.239
2018-03-12,1.2334
2018-03-09,1.2307
2018-03-08,1.2312
2018-03-07,1.2413
2018-03-06,1.2404
2018-03-05,1.2336
2018-03-02,1.2317
2018-03-01,1.2268
2018-02-28,1.2194
2018-02-27,1.2232
2018-02-26,1.2318
2018-02-23,1.2293
2018-02-22,1.2331
2018-02-21,1.2284
2018-02-20,1.2338
2018-02-19,1.2408
2018-02-16,1.2406
2018-02-15,1.2506
2018-02-14,1.245
2018-02-13,1.2352
2018-02-12,1.2292
2018-02-09,1.2235
2018-02-08,1.2247
2018-02-07,1.2264
2018-02-06,1.2377
2018-02-05,1.2368
2018-02-02,1.2462
2018-02-01,1.251
2018-01-31,1.2421
2018-01-30,1.2402
2018-01-29,1.2383
2018-01-26,1.2421
2018-01-25,1.2396
2018-01-24,1.2408
2018-01-23,1.2299
2018-01-22,1.2262
2018-01-19,1.2222
2018-01-18,1.2239
2018-01-17,1.2186
2018-01-16,1.2261
2018-01-15,1.2263
2018-01-12,1.2187
2018-01-11,1.2032
2018-01-10,1.1947
2018-01-09,1.1937
2018-01-08,1.1967
2018-01-05,1.203
2018-01-04,1.2068
2018-01-03,1.2014
2018-01-02,1.2059
2018-01-01,1.201
2017-12-29,1.1998
2017-12-28,1.1943
2017-12-27,1.1888
2017-12-26,1.1859
2017-12-25,1.1869
2017-12-22,1.1859
2017-12-21,1.1873
2017-12-20,1.1871
2017-12-19,1.184
2017-12-18,1.1782
2017-12-15,1.1754
2017-12-14,1.1778
2017-12-13,1.1826
2017-12-12,1.1742
2017-12-11,1.1768
2017-12-08,1.1764
2017-12-07,1.1773
2017-12-06,1.1796
2017-12-05,1.1826
2017-12-04,1.1866
2017-12-01,1.1891
2017-11-30,1.1904
2017-11-29,1.1848
2017-11-28,1.1841
2017-11-27,1.1898
2017-11-24,1.193
2017-11-23,1.1852
2017-11-22,1.1822
2017-11-21,1.1738
2017-11-20,1.1732
2017-11-17,1.1795
2017-11-16,1.177
2017-11-15,1.1792
2017-11-14,1.1798
2017-11-13,1.1667
2017-11-10,1.1665
2017-11-09,1.1642
2017-11-08,1.1595
2017-11-07,1.1587
2017-11-06,1.161
2017-11-03,1.1609
2017-11-02,1.1658
2017-11-01,1.1619
2017-10-31,1.1646
2017-10-30,1.1651
2017-10-27,1.161
2017-10-26,1.165
2017-10-25,1.1813
2017-10-24,1.1761
2017-10-23,1.1749
2017-10-20,1.1785
2017-10-19,1.1852
2017-10-18,1.1787
2017-10-17,1.1766
2017-10-16,1.1797
2017-10-13,1.1823
2017-10-12,1.1831
2017-10-11,1.1859
2017-10-10,1.1806
2017-10-09,1.174
2017-10-06,1.1734
2017-10-05,1.1711
2017-10-04,1.1759
2017-10-03,1.1744
2017-10-02,1.1732
2017-09-29,1.1814
2017-09-28,1.1786
2017-09-27,1.1744
2017-09-26,1.1793
2017-09-25,1.1848
2017-09-22,1.1954
2017-09-21,1.1941
2017-09-20,1.1893
2017-09-19,1.1994
2017-09-18,1.1954
2017-09-15,1.1943
2017-09-14,1.1919
2017-09-13,1.1886
2017-09-12,1.1967
2017-09-11,1.1953
2017-09-08,1.2035
2017-09-07,1.2023
2017-09-06,1.1917
2017-09-05,1.1914
2017-09-04,1.1896
2017-09-01,1.1859
2017-08-31,1.191
2017-08-30,1.1883
2017-08-29,1.1972
2017-08-28,1.1979
2017-08-25,1.1926
2017-08-24,1.1799
2017-08-23,1.1808
2017-08-22,1.1762
2017-08-21,1.1816
2017-08-18,1.1762
2017-08-17,1.1724
2017-08-16,1.177
2017-08-15,1.1735
2017-08-14,1.178
2017-08-11,1.182
2017-08-10,1.1772
2017-08-09,1.1759
2017-08-08,1.175
2017-08-07,1.1795
2017-08-04,1.1772
2017-08-03,1.187
2017-08-02,1.1856
2017-08-01,1.1801
2017-07-31,1.1842
2017-07-28,1.1752
2017-07-27,1.1677
2017-07-26,1.1734
2017-07-25,1.1652
2017-07-24,1.1642
2017-07-21,1.1663
2017-07-20,1.1631
2017-07-19,1.1515
2017-07-18,1.1555
2017-07-17,1.1479
2017-07-14,1.1469
2017-07-13,1.1399
2017-07-12,1.1412
2017-07-11,1.1467
2017-07-10,1.14
2017-07-07,1.1401
2017-07-06,1.1423
2017-07-05,1.1353
2017-07-04,1.1345
2017-07-03,1.1364
2017-06-30,1.1426
2017-06-29,1.1441
2017-06-28,1.1378
2017-06-27,1.1339
2017-06-26,1.1182
2017-06-23,1.1194
2017-06-22,1.1153
2017-06-21,1.1168
2017-06-20,1.1134
2017-06-19,1.1149
2017-06-16,1.1197
2017-06-15,1.1145
2017-06-14,1.1218
2017-06-13,1.1216
2017-06-12,1.1203
2017-06-09,1.1195
2017-06-08,1.1214
2017-06-07,1.1257
2017-06-06,1.1277
2017-06-05,1.1254
2017-06-02,1.1282
2017-06-01,1.1213
2017-05-31,1.1244
2017-05-30,1.1185
2017-05-29,1.1166
2017-05-26,1.1183
2017-05-25,1.121
2017-05-24,1.1219
2017-05-23,1.1183
2017-05-22,1.1238
2017-05-19,1.1207
2017-05-18,1.1103
2017-05-17,1.1159
2017-05-16,1.1082
2017-05-15,1.0975
2017-05-12,1.0931
2017-05-11,1.0861
2017-05-10,1.0868
2017-05-09,1.0873
2017-05-08,1.0924
2017-05-05,1.0998
2017-05-04,1.0985
2017-05-03,1.0885
2017-05-02,1.093
2017-05-01,1.0899
2017-04-28,1.0897
2017-04-27,1.0873
2017-04-26,1.0903
2017-04-25,1.0926
2017-04-24,1.0867
2017-04-21,1.0728
2017-04-20,1.0717
2017-04-19,1.0711
2017-04-18,1.0734
2017-04-17,1.0644
2017-04-14,1.0612
2017-04-13,1.0614
2017-04-12,1.0666
2017-04-11,1.0602
2017-04-10,1.0596
2017-04-07,1.059
2017-04-06,1.0644
2017-04-05,1.0663
2017-04-04,1.0673
2017-04-03,1.0671
2017-03-31,1.0652
2017-03-30,1.0675
2017-03-29,1.0767
2017-03-28,1.0813
2017-03-27,1.0865
2017-03-24,1.0799
2017-03-23,1.0783
2017-03-22,1.0797
2017-03-21,1.0811
2017-03-20,1.0739
2017-03-17,1.0738
2017-03-16,1.0766
2017-03-15,1.0735
2017-03-14,1.0604
2017-03-13,1.0654
2017-03-10,1.0672
2017-03-09,1.0577
2017-03-08,1.0541
2017-03-07,1.0566
2017-03-06,1.0581
2017-03-03,1.0623
2017-03-02,1.0507
2017-03-01,1.0547
2017-02-28,1.0577
2017-02-27,1.0587
2017-02-24,1.0563
2017-02-23,1.0581
2017-02-22,1.0556
2017-02-21,1.0537
2017-02-20,1.0614
2017-02-17,1.0614
2017-02-16,1.0674
2017-02-15,1.0601
2017-02-14,1.0577
2017-02-13,1.0598
2017-02-10,1.0641
2017-02-09,1.0656
2017-02-08,1.0699
2017-02-07,1.0681
2017-02-06,1.075
2017-02-03,1.0784
2017-02-02,1.0758
2017-02-01,1.0769
2017-01-31,1.0798
2017-01-30,1.0695
2017-01-27,1.0699
2017-01-26,1.0682
2017-01-25,1.0748
2017-01-24,1.0731
2017-01-23,1.0765
2017-01-20,1.0703
2017-01-19,1.0664
2017-01-18,1.0631
2017-01-17,1.0713
2017-01-16,1.0603
2017-01-13,1.0644
2017-01-12,1.0613
2017-01-11,1.0582
2017-01-10,1.0554
2017-01-09,1.0574
2017-01-06,1.0533
2017-01-05,1.0607
2017-01-04,1.0488
2017-01-03,1.0406
2017-01-02,1.0459
2016-12-30,1.0516
2016-12-29,1.0492
2016-12-28,1.0412
2016-12-27,1.0457
2016-12-26,1.0456
2016-12-23,1.0457
2016-12-22,1.0437
2016-12-21,1.0425
2016-12-20,1.0387
2016-12-19,1.0402
2016-12-16,1.0451
2016-12-15,1.0414
2016-12-14,1.0537
2016-12-13,1.0627
2016-12-12,1.0635
2016-12-09,1.0562
2016-12-08,1.0615
2016-12-07,1.0753
2016-12-06,1.0719
2016-12-05,1.0764
2016-12-02,1.0673
2016-12-01,1.0662
2016-11-30,1.0588
2016-11-29,1.065
2016-11-28,1.0615
2016-11-25,1.0587
2016-11-24,1.0554
2016-11-23,1.056
2016-11-22,1.0626
2016-11-21,1.0629
2016-11-18,1.0588
2016-11-17,1.0626
2016-11-16,1.069
2016-11-15,1.0722
2016-11-14,1.0737
2016-11-11,1.0856
2016-11-10,1.0893
2016-11-09,1.0909
2016-11-08,1.1026
2016-11-07,1.104
2016-11-04,1.1138
2016-11-03,1.1105
2016-11-02,1.1097
2016-11-01,1.1056
2016-10-31,1.0981
2016-10-28,1.0987
2016-10-27,1.0897
2016-10-26,1.0909
2016-10-25,1.0888
2016-10-24,1.0883
2016-10-21,1.0884
2016-10-20,1.093
2016-10-19,1.0974
2016-10-18,1.0981
2016-10-17,1.0999
2016-10-14,1.0971
2016-10-13,1.1056
2016-10-12,1.1008
2016-10-11,1.1054
2016-10-10,1.1138
2016-10-07,1.1201
2016-10-06,1.1151
2016-10-05,1.1206
2016-10-04,1.1204
2016-10-03,1.1211
2016-09-30,1.1241
2016-09-29,1.1223
2016-09-28,1.1216
2016-09-27,1.1215
2016-09-26,1.1254
2016-09-23,1.1226
2016-09-22,1.1208
2016-09-21,1.1189
2016-09-20,1.1155
2016-09-19,1.1174
2016-09-16,1.1155
2016-09-15,1.1244
2016-09-14,1.125
2016-09-13,1.122
2016-09-12,1.1234
2016-09-09,1.1233
2016-09-08,1.1261
2016-09-07,1.1239
2016-09-06,1.1256
2016-09-05,1.1147
2016-09-02,1.1156
2016-09-01,1.1198
2016-08-31,1.1158
2016-08-30,1.1143
2016-08-29,1.1189
2016-08-26,1.1198
2016-08-25,1.1283
2016-08-24,1.1263
2016-08-23,1.1306
2016-08-22,1.1319
2016-08-19,1.1326
2016-08-18,1.1354
2016-08-17,1.1288
2016-08-16,1.1278
2016-08-15,1.1184
2016-08-12,1.1161
2016-08-11,1.1137
2016-08-10,1.1176
2016-08-09,1.1119
2016-08-08,1.1092
2016-08-05,1.1086
2016-08-04,1.113
2016-08-03,1.1149
2016-08-02,1.1227
2016-08-01,1.1162
2016-07-29,1.1174
2016-07-28,1.1075
2016-07-27,1.1058
2016-07-26,1.0987
2016-07-25,1.0994
2016-07-22,1.0976
2016-07-21,1.1025
2016-07-20,1.1015
2016-07-19,1.1022
2016-07-18,1.1074
2016-07-15,1.1036
2016-07-14,1.112
2016-07-13,1.109
2016-07-12,1.1059
2016-07-11,1.1058
2016-07-08,1.1054
2016-07-07,1.1063
2016-07-06,1.1099
2016-07-05,1.1076
2016-07-04,1.1156
2016-07-01,1.1136
2016-06-30,1.1105
2016-06-29,1.1125
2016-06-28,1.1067
2016-06-27,1.1026
2016-06-24,1.1117
2016-06-23,1.1389
2016-06-22,1.1297
2016-06-21,1.1242
2016-06-20,1.1314
2016-06-17,1.1277
2016-06-16,1.1226
2016-06-15,1.1259
2016-06-14,1.1208
2016-06-13,1.1292
2016-06-10,1.1251
2016-06-09,1.1316
2016-06-08,1.1394
2016-06-07,1.1358
2016-06-06,1.1355
2016-06-03,1.1367
2016-06-02,1.1151
2016-06-01,1.1188
2016-05-31,1.1132
2016-05-30,1.1147
2016-05-27,1.1115
2016-05-26,1.1194
2016-05-25,1.1155
2016-05-24,1.1141
2016-05-23,1.1219
2016-05-20,1.1224
2016-05-19,1.1203
2016-05-18,1.1217
2016-05-17,1.1314
2016-05-16,1.132
2016-05-13,1.1308
2016-05-12,1.1377
2016-05-11,1.1427
2016-05-10,1.1372
2016-05-09,1.1383
2016-05-06,1.1405
2016-05-05,1.1405
2016-05-04,1.1487
2016-05-03,1.1497
2016-05-02,1.1532
2016-04-29,1.1456
2016-04-28,1.1353
2016-04-27,1.1321
2016-04-26,1.1298
2016-04-25,1.1266
2016-04-22,1.1233
2016-04-21,1.1288
2016-04-20,1.1297
2016-04-19,1.1358
2016-04-18,1.1314
2016-04-15,1.1283
2016-04-14,1.1268
2016-04-13,1.1274
2016-04-12,1.1386
2016-04-11,1.1408
2016-04-08,1.1401
2016-04-07,1.1377
2016-04-06,1.1399
2016-04-05,1.1384
2016-04-04,1.1392
2016-04-01,1.1387
2016-03-31,1.138
2016-03-30,1.1338
2016-03-29,1.1291
2016-03-28,1.1196
2016-03-25,1.1166
2016-03-24,1.1174
2016-03-23,1.1184
2016-03-22,1.1217
2016-03-21,1.1241
2016-03-18,1.127
2016-03-17,1.1319
2016-03-16,1.1225
2016-03-15,1.1109
2016-03-14,1.1106
2016-03-11,1.1153
2016-03-10,1.1177
2016-03-09,1.0999
2016-03-08,1.1011
2016-03-07,1.1014
2016-03-04,1.1004
2016-03-03,1.0957
2016-03-02,1.0868
2016-03-01,1.0867
2016-02-29,1.0873
2016-02-26,1.0934
2016-02-25,1.1023
2016-02-24,1.1013
2016-02-23,1.102
2016-02-22,1.1029
2016-02-19,1.1134
2016-02-18,1.1107
2016-02-17,1.1128
2016-02-16,1.1144
2016-02-15,1.1155
2016-02-12,1.126
2016-02-11,1.1324
2016-02-10,1.129
2016-02-09,1.1293
2016-02-08,1.1198
2016-02-05,1.1159
2016-02-04,1.1208
2016-02-03,1.1104
2016-02-02,1.0919
2016-02-01,1.0888
2016-01-29,1.0837
2016-01-28,1.0939
2016-01-27,1.0893
2016-01-26,1.0871
2016-01-25,1.0849
2016-01-22,1.0797
2016-01-21,1.0874
2016-01-20,1.0891
2016-01-19,1.0909
2016-01-18,1.0892
2016-01-15,1.0917
2016-01-14,1.0865
2016-01-13,1.0877
2016-01-12,1.0857
2016-01-11,1.086
2016-01-08,1.0932
2016-01-07,1.0936
2016-01-06,1.0781
2016-01-05,1.0748
2016-01-04,1.0831
2016-01-01,1.086
2015-12-31,1.0861
2015-12-30,1.0932
2015-12-29,1.0917
2015-12-28,1.0968
2015-12-25,1.0977
2015-12-24,1.0972
2015-12-23,1.0909
2015-12-22,1.0955
2015-12-21,1.0915
2015-12-18,1.0868
2015-12-17,1.0825
2015-12-16,1.0913
2015-12-15,1.0928
2015-12-14,1.0992
2015-12-11,1.0989
2015-12-10,1.0941
2015-12-09,1.1025
2015-12-08,1.0894
2015-12-07,1.0835
2015-12-04,1.0886
2015-12-03,1.0941
2015-12-02,1.0615
2015-12-01,1.0631
2015-11-30,1.0564
2015-11-27,1.0593
2015-11-26,1.061
2015-11-25,1.0627
2015-11-24,1.0641
2015-11-23,1.0636
2015-11-20,1.0646
2015-11-19,1.0734
2015-11-18,1.0659
2015-11-17,1.0644
2015-11-16,1.0686
2015-11-13,1.0779
2015-11-12,1.0817
2015-11-11,1.0744
2015-11-10,1.0724
2015-11-09,1.0752
2015-11-06,1.0741
2015-11-05,1.0884
2015-11-04,1.0863
2015-11-03,1.0968
2015-11-02,1.1015
2015-10-30,1.1006
2015-10-29,1.0976
2015-10-28,1.092
2015-10-27,1.1048
2015-10-26,1.1056
2015-10-23,1.1018
2015-10-22,1.1107
2015-10-21,1.1339
2015-10-20,1.1345
2015-10-19,1.1327
2015-10-16,1.1347
2015-10-15,1.1383
2015-10-14,1.1473
2015-10-13,1.1379
2015-10-12,1.1355
2015-10-09,1.1358
2015-10-08,1.1279
2015-10-07,1.1235
2015-10-06,1.1271
2015-10-05,1.1185
2015-10-02,1.1211
2015-10-01,1.1195
2015-09-30,1.1177
2015-09-29,1.1249
2015-09-28,1.1246
2015-09-25,1.1195
2015-09-24,1.123
2015-09-23,1.1187
2015-09-22,1.112
2015-09-21,1.1189
2015-09-18,1.1305
2015-09-17,1.1437
2015-09-16,1.129
2015-09-15,1.1267
2015-09-14,1.1321
2015-09-11,1.134
2015-09-10,1.128
2015-09-09,1.1207
2015-09-08,1.12
2015-09-07,1.1168
2015-09-04,1.1147
2015-09-03,1.1124
2015-09-02,1.1227
2015-09-01,1.1319
2015-08-31,1.1214
2015-08-28,1.1179
2015-08-27,1.1245
2015-08-26,1.1315
2015-08-25,1.1517
2015-08-24,1.162
2015-08-21,1.1389
2015-08-20,1.1242
2015-08-19,1.1119
2015-08-18,1.1021
2015-08-17,1.1081
2015-08-14,1.1107
2015-08-13,1.1149
2015-08-12,1.1157
2015-08-11,1.104
2015-08-10,1.1019
2015-08-07,1.0968
2015-08-06,1.0925
2015-08-05,1.0906
2015-08-04,1.0882
2015-08-03,1.0951
2015-07-31,1.0988
2015-07-30,1.0933
2015-07-29,1.0986
2015-07-28,1.1059
2015-07-27,1.1094
2015-07-24,1.0984
2015-07-23,1.0983
2015-07-22,1.0934
2015-07-21,1.0937
2015-07-20,1.0827
2015-07-17,1.0829
2015-07-16,1.0875
2015-07-15,1.0949
2015-07-14,1.1012
2015-07-13,1.1004
2015-07-10,1.1164
2015-07-09,1.1038
2015-07-08,1.1077
2015-07-07,1.1012
2015-07-06,1.1057
2015-07-03,1.1114
2015-07-02,1.1084
2015-07-01,1.1054
2015-06-30,1.1138
2015-06-29,1.1236
2015-06-26,1.1166
2015-06-25,1.1204
2015-06-24,1.1207
2015-06-23,1.117
2015-06-22,1.1341
2015-06-19,1.1353
2015-06-18,1.136
2015-06-17,1.1337
2015-06-16,1.1248
2015-06-15,1.1284
2015-06-12,1.1269
2015-06-11,1.1258
2015-06-10,1.1326
2015-06-09,1.1284
2015-06-08,1.1292
2015-06-05,1.1113
2015-06-04,1.1239
2015-06-03,1.1275
2015-06-02,1.1155
2015-06-01,1.0928
2015-05-29,1.0988
2015-05-28,1.0949
2015-05-27,1.0905
2015-05-26,1.0873
2015-05-25,1.0978
2015-05-22,1.1018
2015-05-21,1.1113
2015-05-20,1.1093
2015-05-19,1.1149
2015-05-18,1.1315
2015-05-15,1.1452
2015-05-14,1.141
2015-05-13,1.1357
2015-05-12,1.1214
2015-05-11,1.1155
2015-05-08,1.1204
2015-05-07,1.1267
2015-05-06,1.1353
2015-05-05,1.1186
2015-05-04,1.1146
2015-05-01,1.1202
2015-04-30,1.1225
2015-04-29,1.1132
2015-04-28,1.0981
2015-04-27,1.0888
2015-04-24,1.0874
2015-04-23,1.0827
2015-04-22,1.0726
2015-04-21,1.0736
2015-04-20,1.0737
2015-04-17,1.0807
2015-04-16,1.0762
2015-04-15,1.0686
2015-04-14,1.0654
2015-04-13,1.0568
2015-04-10,1.0604
2015-04-09,1.0659
2015-04-08,1.0781
2015-04-07,1.0816
2015-04-06,1.0924
2015-04-03,1.0978
2015-04-02,1.0884
2015-04-01,1.0764
2015-03-31,1.0731
2015-03-30,1.0834
2015-03-27,1.0888
2015-03-26,1.0884
2015-03-25,1.0972
2015-03-24,1.0926
2015-03-23,1.0947
2015-03-20,1.0822
2015-03-19,1.066
2015-03-18,1.0867
2015-03-17,1.0598
2015-03-16,1.0568
2015-03-13,1.0495
2015-03-12,1.0635
2015-03-11,1.0547
2015-03-10,1.0698
2015-03-09,1.0852
2015-03-06,1.0844
2015-03-05,1.1031
2015-03-04,1.1079
2015-03-03,1.1176
2015-03-02,1.1185
2015-02-27,1.1195
2015-02-26,1.1198
2015-02-25,1.1362
2015-02-24,1.1341
2015-02-23,1.1332
2015-02-20,1.1381
2015-02-19,1.1366
2015-02-18,1.1397
2015-02-17,1.1412
2015-02-16,1.1353
2015-02-13,1.1385
2015-02-12,1.1403
2015-02-11,1.1334
2015-02-10,1.1321
2015-02-09,1.1324
2015-02-06,1.1315
2015-02-05,1.1477
2015-02-04,1.1347
2015-02-03,1.1481
2015-02-02,1.1342
2015-01-30,1.1288
2015-01-29,1.132
2015-01-28,1.1288
2015-01-27,1.1381
2015-01-26,1.1239
2015-01-23,1.1208
2015-01-22,1.1366
2015-01-21,1.161
2015-01-20,1.1551
2015-01-19,1.1606
2015-01-16,1.157
2015-01-15,1.1631
2015-01-14,1.1789
2015-01-13,1.1772
2015-01-12,1.1834
2015-01-09,1.1841
2015-01-08,1.1793
2015-01-07,1.1839
2015-01-06,1.1889
2015-01-05,1.1934
2015-01-02,1.2003
2015-01-01,1.2104
2014-12-31,1.2098
2014-12-30,1.2157
2014-12-29,1.2152
2014-12-26,1.2176
2014-12-25,1.2222
2014-12-24,1.2195
2014-12-23,1.2172
2014-12-22,1.2231
2014-12-19,1.2228
2014-12-18,1.2286
2014-12-17,1.2343
2014-12-16,1.2511
2014-12-15,1.2437
2014-12-12,1.2462
2014-12-11,1.2411
2014-12-10,1.2448
2014-12-09,1.2375
2014-12-08,1.2317
2014-12-05,1.2285
2014-12-04,1.2379
2014-12-03,1.2311
2014-12-02,1.2383
2014-12-01,1.247
2014-11-28,1.2452
2014-11-27,1.2467
2014-11-26,1.2506
2014-11-25,1.2475
2014-11-24,1.2443
2014-11-21,1.239
2014-11-20,1.254
2014-11-19,1.2554
2014-11-18,1.2537
2014-11-17,1.245
2014-11-14,1.2523
2014-11-13,1.2477
2014-11-12,1.2439
2014-11-11,1.2475
2014-11-10,1.2421
2014-11-07,1.2454
2014-11-06,1.2375
2014-11-05,1.2486
2014-11-04,1.2546
2014-11-03,1.2483
2014-10-31,1.2525
2014-10-30,1.2613
2014-10-29,1.2632
2014-10-28,1.2734
2014-10-27,1.2698
2014-10-24,1.267
2014-10-23,1.2647
2014-10-22,1.2649
2014-10-21,1.2715
2014-10-20,1.2799
2014-10-17,1.2763
2014-10-16,1.2809
2014-10-15,1.2837
2014-10-14,1.2659
2014-10-13,1.2753
2014-10-10,1.2628
2014-10-09,1.2691
2014-10-08,1.2734
2014-10-07,1.267
2014-10-06,1.2654
2014-10-03,1.2517
2014-10-02,1.2668
2014-10-01,1.2624
2014-09-30,1.2632
2014-09-29,1.2685
2014-09-26,1.2685
2014-09-25,1.275
2014-09-24,1.278
2014-09-23,1.2847
2014-09-22,1.285
2014-09-19,1.2829
2014-09-18,1.2923
2014-09-17,1.2866
2014-09-16,1.296
2014-09-15,1.2942
2014-09-12,1.2965
2014-09-11,1.2926
2014-09-10,1.2917
2014-09-09,1.2938
2014-09-08,1.2897
2014-09-05,1.295
2014-09-04,1.2945
2014-09-03,1.3151
2014-09-02,1.3133
2014-09-01,1.3128
2014-08-29,1.3133
2014-08-28,1.3183
2014-08-27,1.3193
2014-08-26,1.3169
2014-08-25,1.3192
2014-08-22,1.3243
2014-08-21,1.3282
2014-08-20,1.326
2014-08-19,1.332
2014-08-18,1.3363
2014-08-15,1.3399
2014-08-14,1.3365
2014-08-13,1.3365
2014-08-12,1.3369
2014-08-11,1.3386
2014-08-08,1.3411
2014-08-07,1.3363
2014-08-06,1.3382
2014-08-05,1.3376
2014-08-04,1.3422
2014-08-01,1.343
2014-07-31,1.3389
2014-07-30,1.3397
2014-07-29,1.341
2014-07-28,1.3441
2014-07-25,1.3432
2014-07-24,1.3464
2014-07-23,1.3465
2014-07-22,1.3466
2014-07-21,1.3523
2014-07-18,1.3525
2014-07-17,1.3527
2014-07-16,1.3525
2014-07-15,1.3572
2014-07-14,1.362
2014-07-11,1.3609
2014-07-10,1.361
2014-07-09,1.3645
2014-07-08,1.3613
2014-07-07,1.3605
2014-07-04,1.3596
2014-07-03,1.3611
2014-07-02,1.366
2014-07-01,1.3679
2014-06-30,1.3692
2014-06-27,1.3649
2014-06-26,1.3611
2014-06-25,1.363
2014-06-24,1.3605
2014-06-23,1.3605
2014-06-20,1.3599
2014-06-19,1.3609
2014-06-18,1.3596
2014-06-17,1.3546
2014-06-16,1.3575
2014-06-13,1.3542
2014-06-12,1.3553
2014-06-11,1.3533
2014-06-10,1.3548
2014-06-09,1.3594
2014-06-06,1.3643
2014-06-05,1.366
2014-06-04,1.3599
2014-06-03,1.3628
2014-06-02,1.3597
2014-05-30,1.3631
2014-05-29,1.3602
2014-05-28,1.3591
2014-05-27,1.3634
2014-05-26,1.3646
2014-05-23,1.3634
2014-05-22,1.3656
2014-05-21,1.3687
2014-05-20,1.3703
2014-05-19,1.3709
2014-05-16,1.3695
2014-05-15,1.3711
2014-05-14,1.3715
2014-05-13,1.3704
2014-05-12,1.3757
2014-05-09,1.376
2014-05-08,1.3841
2014-05-07,1.3912
2014-05-06,1.3928
2014-05-05,1.3876
2014-05-02,1.387
2014-05-01,1.387
2014-04-30,1.3868
2014-04-29,1.3812
2014-04-28,1.385
2014-04-25,1.3833
2014-04-24,1.3832
2014-04-23,1.3817
2014-04-22,1.3805
2014-04-21,1.3792
2014-04-18,1.3815
2014-04-17,1.3815
2014-04-16,1.3816
2014-04-15,1.3814
2014-04-14,1.3821
2014-04-11,1.3885
2014-04-10,1.3888
2014-04-09,1.3855
2014-04-08,1.3796
2014-04-07,1.3741
2014-04-04,1.3703
2014-04-03,1.372
2014-04-02,1.3767
2014-04-01,1.3794
2014-03-31,1.3771
2014-03-28,1.3753
2014-03-27,1.374
2014-03-26,1.3783
2014-03-25,1.3827
2014-03-24,1.3839
2014-03-21,1.3794
2014-03-20,1.3779
2014-03-19,1.3833
2014-03-18,1.3934
2014-03-17,1.3922
2014-03-14,1.3914
2014-03-13,1.3869
2014-03-12,1.3904
2014-03-11,1.3859
2014-03-10,1.3877
2014-03-07,1.3878
2014-03-06,1.3861
2014-03-05,1.3733
2014-03-04,1.3744
2014-03-03,1.3735
2014-02-28,1.3803
2014-02-27,1.3709
2014-02-26,1.3688
2014-02-25,1.3746
2014-02-24,1.3735
2014-02-21,1.374
2014-02-20,1.3718
2014-02-19,1.3733
2014-02-18,1.3758
2014-02-17,1.3708
2014-02-14,1.3693
2014-02-13,1.3681
2014-02-12,1.3594
2014-02-11,1.3639
2014-02-10,1.3647
2014-02-07,1.3635
2014-02-06,1.359
2014-02-05,1.3533
2014-02-04,1.3519
2014-02-03,1.3525
2014-01-31,1.3487
2014-01-30,1.3556
2014-01-29,1.3663
2014-01-28,1.3669
2014-01-27,1.3672
2014-01-24,1.3678
2014-01-23,1.3695
2014-01-22,1.3548
2014-01-21,1.3561
2014-01-20,1.3552
2014-01-17,1.3541
2014-01-16,1.362
2014-01-15,1.3605
2014-01-14,1.3679
2014-01-13,1.3672
2014-01-10,1.367
2014-01-09,1.3609
2014-01-08,1.3575
2014-01-07,1.3616
2014-01-06,1.3628
2014-01-03,1.3588
2014-01-02,1.3672
2014-01-01,1.3754
2013-12-31,1.3746
2013-12-30,1.3805
2013-12-27,1.3742
2013-12-26,1.3691
2013-12-25,1.368
2013-12-24,1.3684
2013-12-23,1.3696
2013-12-20,1.3672
2013-12-19,1.3663
2013-12-18,1.3685
2013-12-17,1.3768
2013-12-16,1.3761
2013-12-13,1.3743
2013-12-12,1.3755
2013-12-11,1.3786
2013-12-10,1.3761
2013-12-09,1.3739
2013-12-06,1.3706
2013-12-05,1.3668
2013-12-04,1.3594
2013-12-03,1.359
2013-12-02,1.3542
2013-11-29,1.359
2013-11-28,1.3605
2013-11-27,1.3579
2013-11-26,1.3572
2013-11-25,1.3516
2013-11-22,1.3558
2013-11-21,1.3482
2013-11-20,1.3439
2013-11-19,1.3539
2013-11-18,1.3505
2013-11-15,1.3495
2013-11-14,1.3459
2013-11-13,1.3487
2013-11-12,1.3436
2013-11-11,1.3407
2013-11-08,1.3371
2013-11-07,1.342
2013-11-06,1.3512
2013-11-05,1.3474
2013-11-04,1.3516
2013-11-01,1.3487
2013-10-31,1.3584
2013-10-30,1.3736
2013-10-29,1.3746
2013-10-28,1.3784
2013-10-25,1.3805
2013-10-24,1.38
2013-10-23,1.3777
2013-10-22,1.3781
2013-10-21,1.3683
2013-10-18,1.3685
2013-10-17,1.3676
2013-10-16,1.3535
2013-10-15,1.3523
2013-10-14,1.3561
2013-10-11,1.3542
2013-10-10,1.352
2013-10-09,1.3524
2013-10-08,1.3573
2013-10-07,1.3582
2013-10-04,1.3558
2013-10-03,1.3618
2013-10-02,1.3579
2013-10-01,1.3526
2013-09-30,1.3526
2013-09-27,1.3522
2013-09-26,1.3489
2013-09-25,1.3526
2013-09-24,1.3474
2013-09-23,1.3493
2013-09-20,1.3524
2013-09-19,1.353
2013-09-18,1.3522
2013-09-17,1.3359
2013-09-16,1.3334
2013-09-13,1.3294
2013-09-12,1.3299
2013-09-11,1.3312
2013-09-10,1.3268
2013-09-09,1.3255
2013-09-06,1.318
2013-09-05,1.312
2013-09-04,1.3209
2013-09-03,1.317
2013-09-02,1.3192
2013-08-30,1.3222
2013-08-29,1.3241
2013-08-28,1.334
2013-08-27,1.3393
2013-08-26,1.3369
2013-08-23,1.3382
2013-08-22,1.3356
2013-08-21,1.3357
2013-08-20,1.3417
2013-08-19,1.3335
2013-08-16,1.3329
2013-08-15,1.3348
2013-08-14,1.3256
2013-08-13,1.3262
2013-08-12,1.33
2013-08-09,1.3343
2013-08-08,1.3382
2013-08-07,1.3337
2013-08-06,1.3306
2013-08-05,1.3258
2013-08-02,1.3283
2013-08-01,1.3207
2013-07-31,1.3302
2013-07-30,1.3263
2013-07-29,1.3262
2013-07-26,1.3279
2013-07-25,1.3277
2013-07-24,1.3201
2013-07-23,1.3224
2013-07-22,1.3186
2013-07-19,1.3142
2013-07-18,1.311
2013-07-17,1.3125
2013-07-16,1.3162
2013-07-15,1.3062
2013-07-12,1.3068
2013-07-11,1.3096
2013-07-10,1.2976
2013-07-09,1.2781
2013-07-08,1.287
2013-07-05,1.2832
2013-07-04,1.2913
2013-07-03,1.3009
2013-07-02,1.2979
2013-07-01,1.3064
2013-06-28,1.301
2013-06-27,1.3037
2013-06-26,1.3012
2013-06-25,1.3085
2013-06-24,1.3119
2013-06-21,1.3123
2013-06-20,1.322
2013-06-19,1.3295
2013-06-18,1.3394
2013-06-17,1.3369
2013-06-14,1.3347
2013-06-13,1.3375
2013-06-12,1.3337
2013-06-11,1.3315
2013-06-10,1.3257
2013-06-07,1.3223
2013-06-06,1.3247
2013-06-05,1.3094
2013-06-04,1.3081
2013-06-03,1.3076
2013-05-31,1.2999
2013-05-30,1.305
2013-05-29,1.2941
2013-05-28,1.2856
2013-05-27,1.2932
2013-05-24,1.2932
2013-05-23,1.2936
2013-05-22,1.2858
2013-05-21,1.2906
2013-05-20,1.2883
2013-05-17,1.2839
2013-05-16,1.2882
2013-05-15,1.2887
2013-05-14,1.292
2013-05-13,1.2976
2013-05-10,1.2993
2013-05-09,1.3043
2013-05-08,1.3152
2013-05-07,1.3079
2013-05-06,1.3076
2013-05-03,1.3115
2013-05-02,1.3064
2013-05-01,1.318
2013-04-30,1.3167
2013-04-29,1.31
2013-04-26,1.3028
2013-04-25,1.3013
2013-04-24,1.3016
2013-04-23,1.2999
2013-04-22,1.3067
2013-04-19,1.3052
2013-04-18,1.3052
2013-04-17,1.303
2013-04-16,1.3178
2013-04-15,1.3036
2013-04-12,1.3112
2013-04-11,1.3103
2013-04-10,1.307
2013-04-09,1.3082
2013-04-08,1.3009
2013-04-05,1.299
2013-04-04,1.2936
2013-04-03,1.2851
2013-04-02,1.282
2013-04-01,1.2849
2013-03-29,1.282
2013-03-28,1.2816
2013-03-27,1.278
2013-03-26,1.2861
2013-03-25,1.2852
2013-03-22,1.2988
2013-03-21,1.2898
2013-03-20,1.2933
2013-03-19,1.2883
2013-03-18,1.2956
2013-03-15,1.3076
2013-03-14,1.3005
2013-03-13,1.2961
2013-03-12,1.3034
2013-03-11,1.3045
2013-03-08,1.3006
2013-03-07,1.3106
2013-03-06,1.2967
2013-03-05,1.3051
2013-03-04,1.3026
2013-03-01,1.3022
2013-02-28,1.3056
2013-02-27,1.3139
2013-02-26,1.3062
2013-02-25,1.3062
2013-02-22,1.319
2013-02-21,1.3189
2013-02-20,1.3281
2013-02-19,1.3388
2013-02-18,1.3352
2013-02-15,1.3363
2013-02-14,1.3361
2013-02-13,1.3453
2013-02-12,1.3454
2013-02-11,1.3407
2013-02-08,1.3365
2013-02-07,1.3396
2013-02-06,1.3523
2013-02-05,1.3584
2013-02-04,1.3514
2013-02-01,1.364
2013-01-31,1.3579
2013-01-30,1.3568
2013-01-29,1.3493
2013-01-28,1.3456
2013-01-25,1.3462
2013-01-24,1.3376
2013-01-23,1.3318
2013-01-22,1.3321
2013-01-21,1.3314
2013-01-18,1.3319
2013-01-17,1.3377
2013-01-16,1.329
2013-01-15,1.3304
2013-01-14,1.3383
2013-01-11,1.3344
2013-01-10,1.3271
2013-01-09,1.3064
2013-01-08,1.3083
2013-01-07,1.3117
2013-01-04,1.3069
2013-01-03,1.3048
2013-01-02,1.3186
2013-01-01,1.3205
2012-12-31,1.3196
2012-12-28,1.3216
2012-12-27,1.3236
2012-12-26,1.3224
2012-12-25,1.3183
2012-12-24,1.3186
2012-12-21,1.3188
2012-12-20,1.3244
2012-12-19,1.3228
2012-12-18,1.323
2012-12-17,1.3165
2012-12-14,1.3163
2012-12-13,1.3078
2012-12-12,1.3074
2012-12-11,1.3006
2012-12-10,1.2941
2012-12-07,1.2927
2012-12-06,1.2968
2012-12-05,1.3068
2012-12-04,1.3094
2012-12-03,1.3054
2012-11-30,1.2986
2012-11-29,1.2978
2012-11-28,1.2953
2012-11-27,1.2945
2012-11-26,1.2973
2012-11-23,1.2976
2012-11-22,1.2883
2012-11-21,1.2829
2012-11-20,1.2818
2012-11-19,1.2813
2012-11-16,1.2744
2012-11-15,1.278
2012-11-14,1.2736
2012-11-13,1.2704
2012-11-12,1.271
2012-11-09,1.2709
2012-11-08,1.2747
2012-11-07,1.2771
2012-11-06,1.2814
2012-11-05,1.2797
2012-11-02,1.2837
2012-11-01,1.2942
2012-10-31,1.296
2012-10-30,1.2959
2012-10-29,1.2904
2012-10-26,1.2942
2012-10-25,1.2934
2012-10-24,1.2974
2012-10-23,1.2986
2012-10-22,1.306
2012-10-19,1.3022
2012-10-18,1.3066
2012-10-17,1.3119
2012-10-16,1.3054
2012-10-15,1.295
2012-10-12,1.295
2012-10-11,1.2927
2012-10-10,1.2875
2012-10-09,1.2885
2012-10-08,1.297
2012-10-05,1.3034
2012-10-04,1.3018
2012-10-03,1.2906
2012-10-02,1.292
2012-10-01,1.2889
2012-09-28,1.2858
2012-09-27,1.2914
2012-09-26,1.2872
2012-09-25,1.29
2012-09-24,1.2931
2012-09-21,1.298
2012-09-20,1.2969
2012-09-19,1.3048
2012-09-18,1.3048
2012-09-17,1.3117
2012-09-14,1.3127
2012-09-13,1.2989
2012-09-12,1.29
2012-09-11,1.2855
2012-09-10,1.2759
2012-09-07,1.2816
2012-09-06,1.2631
2012-09-05,1.2601
2012-09-04,1.2567
2012-09-03,1.2594
2012-08-31,1.2577
2012-08-30,1.2506
2012-08-29,1.2529
2012-08-28,1.2565
2012-08-27,1.25
2012-08-24,1.2513
2012-08-23,1.2564
2012-08-22,1.2528
2012-08-21,1.2472
2012-08-20,1.2344
2012-08-17,1.2334
2012-08-16,1.2355
2012-08-15,1.2289
2012-08-14,1.2322
2012-08-13,1.2332
2012-08-10,1.229
2012-08-09,1.2306
2012-08-08,1.2365
2012-08-07,1.2401
2012-08-06,1.2401
2012-08-03,1.2387
2012-08-02,1.218
2012-08-01,1.2226
2012-07-31,1.2304
2012-07-30,1.226
2012-07-27,1.2319
2012-07-26,1.2283
2012-07-25,1.2159
2012-07-24,1.206
2012-07-23,1.2115
2012-07-20,1.2157
2012-07-19,1.228
2012-07-18,1.2284
2012-07-17,1.2294
2012-07-16,1.2273
2012-07-13,1.2252
2012-07-12,1.2198
2012-07-11,1.2239
2012-07-10,1.2252
2012-07-09,1.2319
2012-07-06,1.2288
2012-07-05,1.2393
2012-07-04,1.2523
2012-07-03,1.2607
2012-07-02,1.2586
2012-06-29,1.266
2012-06-28,1.244
2012-06-27,1.247
2012-06-26,1.249
2012-06-25,1.2505
2012-06-22,1.257
2012-06-21,1.2544
2012-06-20,1.2704
2012-06-19,1.2688
2012-06-18,1.2576
2012-06-15,1.2638
2012-06-14,1.2631
2012-06-13,1.2556
2012-06-12,1.2513
2012-06-11,1.2475
2012-06-08,1.2517
2012-06-07,1.2562
2012-06-06,1.2572
2012-06-05,1.2454
2012-06-04,1.2498
2012-06-01,1.2435
2012-05-31,1.2359
2012-05-30,1.237
2012-05-29,1.2498
2012-05-28,1.2542
2012-05-25,1.2517
2012-05-24,1.2536
2012-05-23,1.2586
2012-05-22,1.2684
2012-05-21,1.2814
2012-05-18,1.2783
2012-05-17,1.2694
2012-05-16,1.2716
2012-05-15,1.2731
2012-05-14,1.2826
2012-05-11,1.2917
2012-05-10,1.2936
2012-05-09,1.2933
2012-05-08,1.3003
2012-05-07,1.3054
2012-05-04,1.3083
2012-05-03,1.3152
2012-05-02,1.3157
2012-05-01,1.3239
2012-04-30,1.3241
2012-04-27,1.3255
2012-04-26,1.3209
2012-04-25,1.3223
2012-04-24,1.3194
2012-04-23,1.3155
2012-04-20,1.3224
2012-04-19,1.3136
2012-04-18,1.3121
2012-04-17,1.3125
2012-04-16,1.3139
2012-04-13,1.3077
2012-04-12,1.3186
2012-04-11,1.311
2012-04-10,1.3081
2012-04-09,1.3102
2012-04-06,1.3096
2012-04-05,1.3064
2012-04-04,1.3142
2012-04-03,1.3234
2012-04-02,1.3323
2012-03-30,1.3344
2012-03-29,1.3302
2012-03-28,1.3317
2012-03-27,1.3318
2012-03-26,1.3358
2012-03-23,1.3273
2012-03-22,1.3198
2012-03-21,1.3212
2012-03-20,1.3225
2012-03-19,1.3241
2012-03-16,1.3175
2012-03-15,1.3083
2012-03-14,1.3029
2012-03-13,1.3084
2012-03-12,1.3155
2012-03-09,1.3114
2012-03-08,1.3271
2012-03-07,1.315
2012-03-06,1.3115
2012-03-05,1.3218
2012-03-02,1.3203
2012-03-01,1.3312
2012-02-29,1.3326
2012-02-28,1.347
2012-02-27,1.34
2012-02-24,1.3457
2012-02-23,1.3369
2012-02-22,1.3245
2012-02-21,1.3241
2012-02-20,1.324
2012-02-17,1.3152
2012-02-16,1.3141
2012-02-15,1.3071
2012-02-14,1.3119
2012-02-13,1.3194
2012-02-10,1.3175
2012-02-09,1.3283
2012-02-08,1.3258
2012-02-07,1.3266
2012-02-06,1.3134
2012-02-03,1.3144
2012-02-02,1.3146
2012-02-01,1.3159
2012-01-31,1.3079
2012-01-30,1.3127
2012-01-27,1.3226
2012-01-26,1.31
2012-01-25,1.311
2012-01-24,1.3022
2012-01-23,1.303
2012-01-20,1.2938
2012-01-19,1.2965
2012-01-18,1.2854
2012-01-17,1.274
2012-01-16,1.2664
2012-01-13,1.2677
2012-01-12,1.2826
2012-01-11,1.2704
2012-01-10,1.2772
2012-01-09,1.2767
2012-01-06,1.2721
2012-01-05,1.278
2012-01-04,1.2942
2012-01-03,1.3051
2012-01-02,1.2929
2011-12-30,1.2948
2011-12-29,1.2962
2011-12-28,1.2936
2011-12-27,1.3068
2011-12-26,1.306
2011-12-23,1.3043
2011-12-22,1.3051
2011-12-21,1.3045
2011-12-20,1.3079
2011-12-19,1.2995
2011-12-16,1.3035
2011-12-15,1.3018
2011-12-14,1.2981
2011-12-13,1.3034
2011-12-12,1.3186
2011-12-09,1.3375
2011-12-08,1.3346
2011-12-07,1.3413
2011-12-06,1.3403
2011-12-05,1.3403
2011-12-02,1.3403
2011-12-01,1.3464
2011-11-30,1.3443
2011-11-29,1.3331
2011-11-28,1.331
2011-11-25,1.3234
2011-11-24,1.335
2011-11-23,1.3335
2011-11-22,1.3514
2011-11-21,1.3495
2011-11-18,1.351
2011-11-17,1.346
2011-11-16,1.3463
2011-11-15,1.3533
2011-11-14,1.3626
2011-11-11,1.3752
2011-11-10,1.3603
2011-11-09,1.3546
2011-11-08,1.3838
2011-11-07,1.3776
2011-11-04,1.3796
2011-11-03,1.3815
2011-11-02,1.3746
2011-11-01,1.3696
2011-10-31,1.3857
2011-10-28,1.4148
2011-10-27,1.4192
2011-10-26,1.3902
2011-10-25,1.3906
2011-10-24,1.3925
2011-10-21,1.3896
2011-10-20,1.3777
2011-10-19,1.3756
2011-10-18,1.3739
2011-10-17,1.3742
2011-10-14,1.3877
2011-10-13,1.3776
2011-10-12,1.3787
2011-10-11,1.3645
2011-10-10,1.3643
2011-10-07,1.3377
2011-10-06,1.3432
2011-10-05,1.3348
2011-10-04,1.334
2011-10-03,1.3169
2011-09-30,1.3386
2011-09-29,1.3594
2011-09-28,1.3542
2011-09-27,1.3592
2011-09-26,1.354
2011-09-23,1.3498
2011-09-22,1.346
2011-09-21,1.3566
2011-09-20,1.3706
2011-09-19,1.3685
2011-09-16,1.38
2011-09-15,1.3878
2011-09-14,1.3747
2011-09-13,1.3683
2011-09-12,1.3673
2011-09-09,1.3653
2011-09-08,1.3882
2011-09-07,1.4097
2011-09-06,1.4
2011-09-05,1.4092
2011-09-02,1.4205
2011-09-01,1.4259
2011-08-31,1.4379
2011-08-30,1.4446
2011-08-29,1.451
2011-08-26,1.4499
2011-08-25,1.438
2011-08-24,1.4413
2011-08-23,1.4438
2011-08-22,1.436
2011-08-19,1.4398
2011-08-18,1.4331
2011-08-17,1.4425
2011-08-16,1.4409
2011-08-15,1.4446
2011-08-12,1.4249
2011-08-11,1.4243
2011-08-10,1.4174
2011-08-09,1.437
2011-08-08,1.4177
2011-08-05,1.4282
2011-08-04,1.4108
2011-08-03,1.4325
2011-08-02,1.4193
2011-08-01,1.4251
2011-07-29,1.4396
2011-07-28,1.4331
2011-07-27,1.4365
2011-07-26,1.4512
2011-07-25,1.4376
2011-07-22,1.4356
2011-07-21,1.4423
2011-07-20,1.422
2011-07-19,1.4156
2011-07-18,1.4111
2011-07-15,1.4153
2011-07-14,1.4145
2011-07-13,1.4184
2011-07-12,1.3979
2011-07-11,1.4036
2011-07-08,1.427
2011-07-07,1.4361
2011-07-06,1.4318
2011-07-05,1.4423
2011-07-04,1.4541
2011-07-01,1.4525
2011-06-30,1.4506
2011-06-29,1.4436
2011-06-28,1.4369
2011-06-27,1.4284
2011-06-24,1.4193
2011-06-23,1.4259
2011-06-22,1.4354
2011-06-21,1.4407
2011-06-20,1.4309
2011-06-17,1.4311
2011-06-16,1.4213
2011-06-15,1.4168
2011-06-14,1.4441
2011-06-13,1.4417
2011-06-10,1.4348
2011-06-09,1.4508
2011-06-08,1.4577
2011-06-07,1.4691
2011-06-06,1.4577
2011-06-03,1.4637
2011-06-02,1.4491
2011-06-01,1.4314
2011-05-31,1.4396
2011-05-30,1.428
2011-05-27,1.4324
2011-05-26,1.4139
2011-05-25,1.4087
2011-05-24,1.4104
2011-05-23,1.4051
2011-05-20,1.4155
2011-05-19,1.4314
2011-05-18,1.4246
2011-05-17,1.4238
2011-05-16,1.4154
2011-05-13,1.4121
2011-05-12,1.4243
2011-05-11,1.4197
2011-05-10,1.4407
2011-05-09,1.4364
2011-05-06,1.431
2011-05-05,1.4541
2011-05-04,1.4824
2011-05-03,1.4828
2011-05-02,1.4827
2011-04-29,1.4802
2011-04-28,1.4824
2011-04-27,1.4777
2011-04-26,1.4644
2011-04-25,1.4581
2011-04-22,1.4556
2011-04-21,1.4552
2011-04-20,1.4518
2011-04-19,1.4337
2011-04-18,1.4234
2011-04-15,1.4432
2011-04-14,1.4489
2011-04-13,1.4441
2011-04-12,1.4477
2011-04-11,1.4435
2011-04-08,1.4481
2011-04-07,1.4304
2011-04-06,1.4333
2011-04-05,1.4223
2011-04-04,1.4222
2011-04-01,1.4231
2011-03-31,1.4167
2011-03-30,1.4127
2011-03-29,1.4111
2011-03-28,1.4085
2011-03-25,1.4084
2011-03-24,1.4175
2011-03-23,1.4083
2011-03-22,1.4202
2011-03-21,1.4227
2011-03-18,1.4179
2011-03-17,1.4022
2011-03-16,1.3903
2011-03-15,1.3996
2011-03-14,1.399
2011-03-11,1.391
2011-03-10,1.3794
2011-03-09,1.3908
2011-03-08,1.3904
2011-03-07,1.3973
2011-03-04,1.3985
2011-03-03,1.3966
2011-03-02,1.3864
2011-03-01,1.3776
2011-02-28,1.3802
2011-02-25,1.3751
2011-02-24,1.3804
2011-02-23,1.3747
2011-02-22,1.3654
2011-02-21,1.3677
2011-02-18,1.3697
2011-02-17,1.3602
2011-02-16,1.3568
2011-02-15,1.349
2011-02-14,1.3486
2011-02-11,1.3549
2011-02-10,1.3595
2011-02-09,1.3731
2011-02-08,1.3634
2011-02-07,1.3588
2011-02-04,1.3586
2011-02-03,1.3632
2011-02-02,1.3805
2011-02-01,1.3834
2011-01-31,1.3686
2011-01-28,1.3613
2011-01-27,1.3727
2011-01-26,1.3698
2011-01-25,1.369
2011-01-24,1.3643
2011-01-21,1.3618
2011-01-20,1.3478
2011-01-19,1.3469
2011-01-18,1.3381
2011-01-17,1.3294
2011-01-14,1.3377
2011-01-13,1.3354
2011-01-12,1.3137
2011-01-11,1.2978
2011-01-10,1.2944
2011-01-07,1.2919
2011-01-06,1.3001
2011-01-05,1.3152
2011-01-04,1.3304
2011-01-03,1.3354
2010-12-31,1.3379
2010-12-30,1.3283
2010-12-29,1.3224
2010-12-28,1.312
2010-12-27,1.3161
2010-12-24,1.3118
2010-12-23,1.312
2010-12-22,1.31
2010-12-21,1.3096
2010-12-20,1.3121
2010-12-17,1.3182
2010-12-16,1.3239
2010-12-15,1.3213
2010-12-14,1.3384
2010-12-13,1.3391
2010-12-10,1.3234
2010-12-09,1.3245
2010-12-08,1.3259
2010-12-07,1.3264
2010-12-06,1.3306
2010-12-03,1.3415
2010-12-02,1.3227
2010-12-01,1.3143
2010-11-30,1.298
2010-11-29,1.3121
2010-11-26,1.3243
2010-11-25,1.3363
2010-11-24,1.3332
2010-11-23,1.3373
2010-11-22,1.3626
2010-11-19,1.3687
2010-11-18,1.3645
2010-11-17,1.3519
2010-11-16,1.3493
2010-11-15,1.3586
2010-11-12,1.3693
2010-11-11,1.3658
2010-11-10,1.3784
2010-11-09,1.3779
2010-11-08,1.3921
2010-11-05,1.4034
2010-11-04,1.42
2010-11-03,1.4145
2010-11-02,1.404
2010-11-01,1.3891
2010-10-29,1.395
2010-10-28,1.3932
2010-10-27,1.3769
2010-10-26,1.3861
2010-10-25,1.3966
2010-10-22,1.3952
2010-10-21,1.392
2010-10-20,1.3967
2010-10-19,1.3735
2010-10-18,1.3948
2010-10-15,1.3979
2010-10-14,1.4081
2010-10-13,1.3963
2010-10-12,1.3925
2010-10-11,1.3874
2010-10-08,1.3943
2010-10-07,1.3927
2010-10-06,1.3937
2010-10-05,1.3834
2010-10-04,1.3682
2010-10-01,1.3792
2010-09-30,1.3633
2010-09-29,1.3629
2010-09-28,1.3582
2010-09-27,1.3457
2010-09-24,1.3491
2010-09-23,1.3312
2010-09-22,1.34
2010-09-21,1.3252
2010-09-20,1.3066
2010-09-17,1.3048
2010-09-16,1.3076
2010-09-15,1.3005
2010-09-14,1.2996
2010-09-13,1.288
2010-09-10,1.268
2010-09-09,1.2694
2010-09-08,1.2723
2010-09-07,1.2683
2010-09-06,1.2873
2010-09-03,1.2896
2010-09-02,1.2826
2010-09-01,1.2812
2010-08-31,1.2687
2010-08-30,1.2664
2010-08-27,1.2765
2010-08-26,1.272
2010-08-25,1.2658
2010-08-24,1.2625
2010-08-23,1.2658
2010-08-20,1.2708
2010-08-19,1.2821
2010-08-18,1.2857
2010-08-17,1.2881
2010-08-16,1.2826
2010-08-13,1.2752
2010-08-12,1.2824
2010-08-11,1.2833
2010-08-10,1.3178
2010-08-09,1.3235
2010-08-06,1.3285
2010-08-05,1.3192
2010-08-04,1.316
2010-08-03,1.3228
2010-08-02,1.3182
2010-07-30,1.3048
2010-07-29,1.3079
2010-07-28,1.2993
2010-07-27,1.2995
2010-07-26,1.2995
2010-07-23,1.2907
2010-07-22,1.2891
2010-07-21,1.2757
2010-07-20,1.2886
2010-07-19,1.294
2010-07-16,1.2933
2010-07-15,1.2939
2010-07-14,1.2741
2010-07-13,1.2728
2010-07-12,1.259
2010-07-09,1.2637
2010-07-08,1.2694
2010-07-07,1.2635
2010-07-06,1.2624
2010-07-05,1.254
2010-07-02,1.2563
2010-07-01,1.2519
2010-06-30,1.2236
2010-06-29,1.2182
2010-06-28,1.2279
2010-06-25,1.2377
2010-06-24,1.2334
2010-06-23,1.2315
2010-06-22,1.2268
2010-06-21,1.2308
2010-06-18,1.2387
2010-06-17,1.238
2010-06-16,1.2308
2010-06-15,1.2324
2010-06-14,1.2218
2010-06-11,1.2113
2010-06-10,1.2109
2010-06-09,1.1986
2010-06-08,1.1975
2010-06-07,1.1915
2010-06-04,1.1976
2010-06-03,1.2157
2010-06-02,1.2251
2010-06-01,1.2227
2010-05-31,1.2306
2010-05-28,1.227
2010-05-27,1.2369
2010-05-26,1.2168
2010-05-25,1.2365
2010-05-24,1.2353
2010-05-21,1.2573
2010-05-20,1.2468
2010-05-19,1.2429
2010-05-18,1.2183
2010-05-17,1.2395
2010-05-14,1.2363
2010-05-13,1.253
2010-05-12,1.2622
2010-05-11,1.2655
2010-05-10,1.2782
2010-05-07,1.2762
2010-05-06,1.2656
2010-05-05,1.2814
2010-05-04,1.2982
2010-05-03,1.3194
2010-04-30,1.3298
2010-04-29,1.3225
2010-04-28,1.3214
2010-04-27,1.3165
2010-04-26,1.3397
2010-04-23,1.3386
2010-04-22,1.3293
2010-04-21,1.3387
2010-04-20,1.3438
2010-04-19,1.3485
2010-04-16,1.3499
2010-04-15,1.358
2010-04-14,1.3653
2010-04-13,1.3607
2010-04-12,1.3586
2010-04-09,1.3499
2010-04-08,1.336
2010-04-07,1.334
2010-04-06,1.3399
2010-04-05,1.3486
2010-04-02,1.3504
2010-04-01,1.3582
2010-03-31,1.3512
2010-03-30,1.3413
2010-03-29,1.3478
2010-03-26,1.3413
2010-03-25,1.3279
2010-03-24,1.3314
2010-03-23,1.35
2010-03-22,1.3556
2010-03-19,1.3534
2010-03-18,1.3607
2010-03-17,1.3738
2010-03-16,1.3772
2010-03-15,1.3676
2010-03-12,1.3763
2010-03-11,1.3679
2010-03-10,1.366
2010-03-09,1.3601
2010-03-08,1.363
2010-03-05,1.3622
2010-03-04,1.358
2010-03-03,1.37
2010-03-02,1.3605
2010-03-01,1.3561
2010-02-26,1.3626
2010-02-25,1.3556
2010-02-24,1.3531
2010-02-23,1.3506
2010-02-22,1.3598
2010-02-19,1.3615
2010-02-18,1.3617
2010-02-17,1.3606
2010-02-16,1.3769
2010-02-15,1.3599
2010-02-12,1.3618
2010-02-11,1.3682
2010-02-10,1.3727
2010-02-09,1.379
2010-02-08,1.3653
2010-02-05,1.3664
2010-02-04,1.3736
2010-02-03,1.3899
2010-02-02,1.3963
2010-02-01,1.3929
2010-01-29,1.3864
2010-01-28,1.3963
2010-01-27,1.4019
2010-01-26,1.4076
2010-01-25,1.4152
2010-01-22,1.4138
2010-01-21,1.4091
2010-01-20,1.4101
2010-01-19,1.4301
2010-01-18,1.4386
2010-01-15,1.4385
2010-01-14,1.4503
2010-01-13,1.4512
2010-01-12,1.4495
2010-01-11,1.4514
2010-01-08,1.4413
2010-01-07,1.4318
2010-01-06,1.4413
2010-01-05,1.4369
2010-01-04,1.4413
2010-01-01,1.4326
