Date,platinum
2024-05-19,1095.1
2024-05-17,1090.0
2024-05-16,1071.3
2024-05-15,1070.1
2024-05-14,1044.6
2024-05-13,1010.8
2024-05-12,1003.0
2024-05-10,1007.2
2024-05-09,990.8
2024-05-08,984.6
2024-05-07,988.4
2024-05-06,964.9
2024-05-05,959.3
2024-05-03,965.3
2024-05-02,962.6
2024-05-01,954.9
2024-04-30,948.2
2024-04-29,961.5
2024-04-28,923.05
2024-04-26,920.2
2024-04-25,918.6
2024-04-24,913.9
2024-04-23,920.0
2024-04-22,928.1
2024-04-21,944.2
2024-04-19,943.8
2024-04-18,954.5
2024-04-17,954.2
2024-04-16,975.2
2024-04-15,981.0
2024-04-14,990.15
2024-04-12,1001.7
2024-04-11,988.0
2024-04-10,976.4
2024-04-09,984.1
2024-04-08,974.5
2024-04-07,935.45
2024-04-05,940.6
2024-04-04,952.6
2024-04-03,946.5
2024-04-02,934.3
2024-04-01,911.4
2024-03-31,924.35
2024-03-29,923.0
2024-03-28,921.1
2024-03-27,909.7
2024-03-26,917.9
2024-03-25,919.0
2024-03-24,910.9
2024-03-22,898.4
2024-03-21,913.0
2024-03-20,899.4
2024-03-19,901.1
2024-03-18,921.2
2024-03-17,941.45
2024-03-15,943.5
2024-03-14,935.7
2024-03-13,944.9
2024-03-12,928.2
2024-03-11,940.5
2024-03-10,920.5
2024-03-08,914.8
2024-03-07,923.4
2024-03-06,914.4
2024-03-05,887.2
2024-03-04,904.3
2024-03-03,889.75
2024-03-01,888.0
2024-02-29,884.0
2024-02-28,885.1
2024-02-27,891.9
2024-02-26,876.8
2024-02-25,904.5
2024-02-23,906.9
2024-02-22,905.5
2024-02-21,889.6
2024-02-20,914.3
2024-02-19,905.65
2024-02-18,913.2
2024-02-16,913.5
2024-02-15,905.2
2024-02-14,897.3
2024-02-13,878.9
2024-02-12,897.1
2024-02-11,881.65
2024-02-09,878.2
2024-02-08,894.0
2024-02-07,886.9
2024-02-06,911.6
2024-02-05,903.5
2024-02-04,904.3
2024-02-02,901.6
2024-02-01,922.3
2024-01-31,932.6
2024-01-30,931.7
2024-01-29,938.3
2024-01-28,919.05
2024-01-26,921.3
2024-01-25,894.5
2024-01-24,914.9
2024-01-23,905.5
2024-01-22,903.0
2024-01-21,907.9
2024-01-19,907.0
2024-01-18,912.0
2024-01-17,889.6
2024-01-16,904.4
2024-01-15,921.35
2024-01-14,917.8
2024-01-12,921.1
2024-01-11,919.6
2024-01-10,929.6
2024-01-09,943.5
2024-01-08,959.4
2024-01-07,971.4
2024-01-05,971.8
2024-01-04,966.3
2024-01-03,987.1
2024-01-02,998.3
2024-01-01,1006.15
2023-12-29,1009.2
2023-12-28,1023.2
2023-12-27,1013.5
2023-12-26,995.6
2023-12-25,990.8
2023-12-22,981.8
2023-12-21,970.3
2023-12-20,974.0
2023-12-19,965.8
2023-12-18,954.3
2023-12-17,945.65
2023-12-15,952.6
2023-12-14,967.9
2023-12-13,922.1
2023-12-12,931.0
2023-12-11,915.7
2023-12-10,924.85
2023-12-08,919.8
2023-12-07,912.0
2023-12-06,893.7
2023-12-05,906.6
2023-12-04,925.1
2023-12-03,945.8
2023-12-01,936.1
2023-11-30,935.9
2023-11-29,941.4
2023-11-28,944.7
2023-11-27,918.0
2023-11-26,935.25
2023-11-24,932.4
2023-11-23,923.6
2023-11-22,925.8
2023-11-21,941.4
2023-11-20,923.4
2023-11-19,900.0
2023-11-17,905.0
2023-11-16,898.4
2023-11-15,901.25
2023-11-14,890.7
2023-11-13,863.6
2023-11-12,848.85
2023-11-10,845.6
2023-11-09,864.3
2023-11-08,871.5
2023-11-07,898.55
2023-11-06,917.6
2023-11-05,937.3
2023-11-03,940.95
2023-11-02,930.6
2023-11-01,934.9
2023-10-31,944.9
2023-10-30,939.9
2023-10-29,910.4
2023-10-27,901.5
2023-10-26,909.0
2023-10-25,912.4
2023-10-24,891.9
2023-10-23,905.0
2023-10-22,901.6
2023-10-20,905.1
2023-10-19,898.2
2023-10-18,894.3
2023-10-17,906.2
2023-10-16,899.4
2023-10-15,890.2
2023-10-13,884.2
2023-10-12,875.8
2023-10-11,893.0
2023-10-10,890.2
2023-10-09,888.8
2023-10-08,881.85
2023-10-06,881.5
2023-10-05,862.5
2023-10-04,874.2
2023-10-03,879.6
2023-10-02,886.8
2023-10-01,919.0
2023-09-29,915.9
2023-09-28,915.1
2023-09-27,896.3
2023-09-26,914.2
2023-09-25,923.6
2023-09-24,938.4
2023-09-22,934.1
2023-09-21,924.6
2023-09-20,942.3
2023-09-19,948.4
2023-09-18,938.3
2023-09-17,932.35
2023-09-15,929.5
2023-09-14,911.1
2023-09-13,905.2
2023-09-12,912.8
2023-09-11,902.3
2023-09-10,898.35
2023-09-08,894.8
2023-09-07,909.6
2023-09-06,915.3
2023-09-05,933.5
2023-09-04,959.55
2023-09-03,969.1
2023-09-01,968.7
2023-08-31,974.4
2023-08-30,983.3
2023-08-29,983.0
2023-08-28,969.1
2023-08-27,951.5
2023-08-25,945.1
2023-08-24,939.9
2023-08-23,935.1
2023-08-22,921.4
2023-08-21,910.4
2023-08-20,917.05
2023-08-18,916.25
2023-08-17,900.15
2023-08-16,891.3
2023-08-15,892.2
2023-08-14,906.8
2023-08-13,917.55
2023-08-11,914.6
2023-08-10,914.8
2023-08-09,892.7
2023-08-08,904.45
2023-08-07,926.9
2023-08-06,930.5
2023-08-04,928.5
2023-08-03,921.8
2023-08-02,930.4
2023-08-01,940.4
2023-07-31,958.6
2023-07-30,944.2
2023-07-28,943.7
2023-07-27,945.0
2023-07-26,972.0
2023-07-25,976.6
2023-07-24,969.5
2023-07-23,969.95
2023-07-21,972.2
2023-07-20,964.1
2023-07-19,984.8
2023-07-18,994.4
2023-07-17,987.5
2023-07-16,977.9
2023-07-14,984.3
2023-07-13,983.4
2023-07-12,956.6
2023-07-11,932.4
2023-07-10,934.8
2023-07-09,919.95
2023-07-07,918.5
2023-07-06,909.7
2023-07-05,925.0
2023-07-04,926.4
2023-07-03,916.0
2023-07-02,910.0
2023-06-30,913.2
2023-06-29,906.8
2023-06-28,924.7
2023-06-27,934.0
2023-06-26,932.9
2023-06-25,929.2
2023-06-23,923.7
2023-06-22,926.5
2023-06-21,949.0
2023-06-20,968.0
2023-06-19,979.9
2023-06-18,985.2
2023-06-16,987.3
2023-06-15,991.9
2023-06-14,980.0
2023-06-13,981.9
2023-06-12,995.3
2023-06-11,1011.75
2023-06-09,1012.8
2023-06-08,1013.9
2023-06-07,1024.6
2023-06-06,1038.7
2023-06-05,1036.4
2023-06-04,1009.25
2023-06-02,1003.5
2023-06-01,1010.1
2023-05-31,999.0
2023-05-30,1021.9
2023-05-29,1033.1
2023-05-28,1027.75
2023-05-26,1036.2
2023-05-25,1034.4
2023-05-24,1037.6
2023-05-23,1065.7
2023-05-22,1085.4
2023-05-21,1074.1
2023-05-19,1083.8
2023-05-18,1066.3
2023-05-17,1090.7
2023-05-16,1075.0
2023-05-15,1082.8
2023-05-14,1063.8
2023-05-12,1067.0
2023-05-11,1105.0
2023-05-10,1119.1
2023-05-09,1116.0
2023-05-08,1087.7
2023-05-07,1066.8
2023-05-05,1068.3
2023-05-04,1053.55
2023-05-03,1061.8
2023-05-02,1078.3
2023-05-01,1064.7
2023-04-30,1081.45
2023-04-28,1090.1
2023-04-27,1093.2
2023-04-26,1106.0
2023-04-25,1098.2
2023-04-24,1097.7
2023-04-23,1135.25
2023-04-21,1138.7
2023-04-20,1107.6
2023-04-19,1105.7
2023-04-18,1097.3
2023-04-17,1059.6
2023-04-16,1053.9
2023-04-14,1054.0
2023-04-13,1065.5
2023-04-12,1027.5
2023-04-11,1005.1
2023-04-10,1002.9
2023-04-09,1016.75
2023-04-06,1016.8
2023-04-05,1007.4
2023-04-04,1029.0
2023-04-03,996.4
2023-04-02,992.4
2023-03-31,1003.1
2023-03-30,1002.4
2023-03-29,985.5
2023-03-28,971.9
2023-03-27,982.5
2023-03-26,990.65
2023-03-24,983.9
2023-03-23,992.9
2023-03-22,987.0
2023-03-21,976.7
2023-03-20,996.8
2023-03-19,980.0
2023-03-17,978.6
2023-03-16,977.1
2023-03-15,970.3
2023-03-14,997.3
2023-03-13,1004.9
2023-03-12,966.65
2023-03-10,962.2
2023-03-09,949.3
2023-03-08,940.6
2023-03-07,936.3
2023-03-06,978.6
2023-03-05,977.7
2023-03-03,979.4
2023-03-02,963.2
2023-03-01,961.8
2023-02-28,955.5
2023-02-27,941.9
2023-02-26,911.25
2023-02-24,907.6
2023-02-23,945.2
2023-02-22,953.0
2023-02-21,945.55
2023-02-20,929.0
2023-02-19,918.55
2023-02-17,921.4
2023-02-16,931.0
2023-02-15,917.8
2023-02-14,939.2
2023-02-13,959.4
2023-02-12,950.15
2023-02-10,951.8
2023-02-09,964.2
2023-02-08,987.2
2023-02-07,986.2
2023-02-06,974.6
2023-02-05,982.65
2023-02-03,980.3
2023-02-02,1032.6
2023-02-01,1001.7
2023-01-31,1021.1
2023-01-30,1020.6
2023-01-29,1022.35
2023-01-27,1016.8
2023-01-26,1023.0
2023-01-25,1046.1
2023-01-24,1066.8
2023-01-23,1056.3
2023-01-22,1051.6
2023-01-20,1047.8
2023-01-19,1041.1
2023-01-18,1043.7
2023-01-17,1046.9
2023-01-16,1071.8
2023-01-15,1074.45
2023-01-13,1072.5
2023-01-12,1084.3
2023-01-11,1084.3
2023-01-10,1088.5
2023-01-09,1098.6
2023-01-08,1113.45
2023-01-06,1104.3
2023-01-05,1069.6
2023-01-04,1092.3
2023-01-03,1093.3
2023-01-02,1085.75
2022-12-30,1082.9
2022-12-29,1065.0
2022-12-28,1019.8
2022-12-27,1032.7
2022-12-26,1036.0
2022-12-23,1029.6
2022-12-22,984.6
2022-12-21,1002.0
2022-12-20,1013.0
2022-12-19,987.7
2022-12-18,1001.85
2022-12-16,1000.0
2022-12-15,1013.2
2022-12-14,1038.7
2022-12-13,1038.9
2022-12-12,1008.0
2022-12-11,1027.6
2022-12-09,1036.2
2022-12-08,1014.6
2022-12-07,1011.5
2022-12-06,995.4
2022-12-05,1007.5
2022-12-04,1031.4
2022-12-02,1026.6
2022-12-01,1054.9
2022-11-30,1039.3
2022-11-29,1008.6
2022-11-28,1012.3
2022-11-27,984.3
2022-11-25,1000.8
2022-11-24,996.9
2022-11-23,1009.8
2022-11-22,1008.7
2022-11-21,989.95
2022-11-20,987.8
2022-11-18,984.3
2022-11-17,991.5
2022-11-16,1016.2
2022-11-15,1022.4
2022-11-14,1033.0
2022-11-13,1043.95
2022-11-11,1044.75
2022-11-10,1047.0
2022-11-09,998.1
2022-11-08,1011.95
2022-11-07,989.4
2022-11-06,957.5
2022-11-04,960.5
2022-11-03,924.1
2022-11-02,950.9
2022-11-01,950.5
2022-10-31,930.1
2022-10-30,951.15
2022-10-28,946.4
2022-10-27,967.4
2022-10-26,962.5
2022-10-25,919.7
2022-10-24,926.6
2022-10-23,941.45
2022-10-21,933.9
2022-10-20,915.1
2022-10-19,881.1
2022-10-18,907.3
2022-10-17,913.6
2022-10-16,903.65
2022-10-14,894.9
2022-10-13,896.4
2022-10-12,881.0
2022-10-11,899.1
2022-10-10,895.8
2022-10-09,914.7
2022-10-07,917.9
2022-10-06,921.8
2022-10-05,914.6
2022-10-04,933.7
2022-10-03,900.1
2022-10-02,861.0
2022-09-30,860.9
2022-09-29,861.5
2022-09-28,865.4
2022-09-27,839.7
2022-09-26,844.9
2022-09-25,857.95
2022-09-23,856.5
2022-09-22,899.0
2022-09-21,911.7
2022-09-20,914.5
2022-09-19,912.6
2022-09-18,908.25
2022-09-16,896.1
2022-09-15,902.2
2022-09-14,904.5
2022-09-13,883.4
2022-09-12,904.2
2022-09-11,873.75
2022-09-09,877.5
2022-09-08,866.5
2022-09-07,848.6
2022-09-06,836.7
2022-09-05,831.85
2022-09-04,815.45
2022-09-02,822.3
2022-09-01,810.1
2022-08-31,831.6
2022-08-30,836.6
2022-08-29,855.8
2022-08-28,847.75
2022-08-26,859.7
2022-08-25,878.1
2022-08-24,870.6
2022-08-23,877.7
2022-08-22,869.4
2022-08-21,885.65
2022-08-19,889.4
2022-08-18,905.9
2022-08-17,920.0
2022-08-16,932.0
2022-08-15,935.1
2022-08-14,960.6
2022-08-12,960.9
2022-08-11,960.7
2022-08-10,947.6
2022-08-09,934.2
2022-08-08,939.9
2022-08-07,926.8
2022-08-05,926.1
2022-08-04,926.0
2022-08-03,890.1
2022-08-02,906.4
2022-08-01,903.5
2022-07-31,885.7
2022-07-29,891.6
2022-07-28,878.6
2022-07-27,877.2
2022-07-26,864.4
2022-07-25,869.3
2022-07-24,859.5
2022-07-22,867.2
2022-07-21,858.7
2022-07-20,846.5
2022-07-19,858.9
2022-07-18,856.0
2022-07-17,835.4
2022-07-15,830.9
2022-07-14,817.3
2022-07-13,837.8
2022-07-12,828.1
2022-07-11,860.7
2022-07-10,883.05
2022-07-08,882.8
2022-07-07,865.8
2022-07-06,840.9
2022-07-05,850.7
2022-07-04,875.1
2022-07-03,872.0
2022-07-01,871.3
2022-06-30,895.3
2022-06-29,909.9
2022-06-28,908.3
2022-06-27,900.3
2022-06-26,904.8
2022-06-24,903.3
2022-06-23,903.7
2022-06-22,926.1
2022-06-21,939.4
2022-06-20,930.3
2022-06-19,932.75
2022-06-17,930.8
2022-06-16,951.3
2022-06-15,925.5
2022-06-14,913.2
2022-06-13,935.4
2022-06-12,970.0
2022-06-10,972.9
2022-06-09,977.9
2022-06-08,1013.6
2022-06-07,1014.9
2022-06-06,1031.5
2022-06-05,1018.9
2022-06-03,1017.8
2022-06-02,1029.2
2022-06-01,997.7
2022-05-31,969.3
2022-05-30,948.2
2022-05-27,945.1
2022-05-26,938.1
2022-05-25,930.8
2022-05-24,944.4
2022-05-23,951.2
2022-05-22,952.3
2022-05-20,940.9
2022-05-19,953.5
2022-05-18,925.0
2022-05-17,944.0
2022-05-16,926.9
2022-05-15,935.3
2022-05-13,931.5
2022-05-12,931.6
2022-05-11,988.6
2022-05-10,946.2
2022-05-09,937.6
2022-05-08,943.65
2022-05-06,956.2
2022-05-05,973.4
2022-05-04,979.6
2022-05-03,959.2
2022-05-02,933.8
2022-05-01,930.45
2022-04-29,940.5
2022-04-28,913.3
2022-04-27,910.4
2022-04-26,912.1
2022-04-25,905.0
2022-04-24,925.5
2022-04-22,927.4
2022-04-21,967.8
2022-04-20,987.0
2022-04-19,988.7
2022-04-18,1020.5
2022-04-17,1000.15
2022-04-15,991.1
2022-04-14,994.2
2022-04-13,989.6
2022-04-12,972.4
2022-04-11,977.8
2022-04-10,978.3
2022-04-08,975.6
2022-04-07,958.0
2022-04-06,953.1
2022-04-05,973.1
2022-04-04,991.0
2022-04-03,989.0
2022-04-01,988.6
2022-03-31,995.8
2022-03-30,1001.2
2022-03-29,977.0
2022-03-28,993.8
2022-03-27,1004.4
2022-03-25,1010.7
2022-03-24,1033.7
2022-03-23,1023.3
2022-03-22,1026.6
2022-03-21,1045.3
2022-03-20,1030.3
2022-03-18,1036.1
2022-03-17,1030.8
2022-03-16,1007.8
2022-03-15,1002.6
2022-03-14,1050.8
2022-03-13,1077.1
2022-03-11,1086.1
2022-03-10,1092.8
2022-03-09,1105.8
2022-03-08,1151.4
2022-03-07,1116.0
2022-03-06,1151.7
2022-03-04,1116.6
2022-03-03,1080.9
2022-03-02,1068.2
2022-03-01,1052.9
2022-02-28,1039.8
2022-02-27,1062.55
2022-02-25,1051.1
2022-02-24,1062.4
2022-02-23,1092.4
2022-02-22,1086.2
2022-02-21,1086.55
2022-02-20,1079.2
2022-02-18,1077.4
2022-02-17,1091.9
2022-02-16,1062.9
2022-02-15,1020.2
2022-02-14,1028.7
2022-02-13,1038.25
2022-02-11,1019.6
2022-02-10,1043.0
2022-02-09,1038.1
2022-02-08,1036.9
2022-02-07,1020.7
2022-02-06,1027.4
2022-02-04,1024.6
2022-02-03,1030.3
2022-02-02,1043.2
2022-02-01,1022.6
2022-01-31,1019.9
2022-01-30,1009.1
2022-01-28,1006.4
2022-01-27,1021.8
2022-01-26,1045.9
2022-01-25,1025.5
2022-01-24,1020.3
2022-01-23,1035.1
2022-01-21,1035.1
2022-01-20,1050.8
2022-01-19,1028.4
2022-01-18,979.5
2022-01-17,970.9
2022-01-16,966.85
2022-01-14,964.6
2022-01-13,972.2
2022-01-12,980.1
2022-01-11,973.2
2022-01-10,933.6
2022-01-09,954.05
2022-01-07,956.5
2022-01-06,960.7
2022-01-05,1001.9
2022-01-04,971.2
2022-01-03,954.0
2022-01-02,970.85
2021-12-31,966.2
2021-12-30,964.6
2021-12-29,969.7
2021-12-28,979.8
2021-12-27,971.0
2021-12-26,966.85
2021-12-23,972.2
2021-12-22,963.7
2021-12-21,924.4
2021-12-20,922.6
2021-12-19,921.8
2021-12-17,932.9
2021-12-16,927.1
2021-12-15,894.1
2021-12-14,911.0
2021-12-13,924.9
2021-12-12,940.45
2021-12-10,935.1
2021-12-09,938.6
2021-12-08,957.0
2021-12-07,951.0
2021-12-06,937.4
2021-12-05,934.65
2021-12-03,927.1
2021-12-02,934.0
2021-12-01,936.6
2021-11-30,929.2
2021-11-29,966.4
2021-11-28,978.4
2021-11-26,954.9
2021-11-25,990.9
2021-11-24,977.4
2021-11-23,966.1
2021-11-22,1016.7
2021-11-21,1031.6
2021-11-19,1037.6
2021-11-18,1057.5
2021-11-17,1070.1
2021-11-16,1075.6
2021-11-15,1097.8
2021-11-14,1091.8
2021-11-12,1090.1
2021-11-11,1095.5
2021-11-10,1077.9
2021-11-09,1062.4
2021-11-08,1061.1
2021-11-07,1037.65
2021-11-05,1036.9
2021-11-04,1030.3
2021-11-03,1023.3
2021-11-02,1040.3
2021-11-01,1068.1
2021-10-31,1021.5
2021-10-29,1021.7
2021-10-28,1025.3
2021-10-27,1019.3
2021-10-26,1032.9
2021-10-25,1063.8
2021-10-24,1046.6
2021-10-22,1052.1
2021-10-21,1049.7
2021-10-20,1052.3
2021-10-19,1047.1
2021-10-18,1037.9
2021-10-17,1058.35
2021-10-15,1058.9
2021-10-14,1052.3
2021-10-13,1024.2
2021-10-12,1011.7
2021-10-11,1006.9
2021-10-10,1021.5
2021-10-08,1028.2
2021-10-07,985.3
2021-10-06,977.2
2021-10-05,959.8
2021-10-04,961.6
2021-10-03,978.5
2021-10-01,973.6
2021-09-30,962.4
2021-09-29,947.0
2021-09-28,961.3
2021-09-27,977.8
2021-09-26,979.8
2021-09-24,976.3
2021-09-23,995.4
2021-09-22,999.8
2021-09-21,950.8
2021-09-20,899.4
2021-09-19,932.9
2021-09-17,932.6
2021-09-16,925.6
2021-09-15,932.9
2021-09-14,941.1
2021-09-13,960.2
2021-09-12,956.1
2021-09-10,959.6
2021-09-09,977.5
2021-09-08,979.1
2021-09-07,998.9
2021-09-06,1018.3
2021-09-05,1019.7
2021-09-03,1024.5
2021-09-02,996.9
2021-09-01,1002.4
2021-08-31,1016.9
2021-08-30,1004.9
2021-08-29,1009.8
2021-08-27,1007.4
2021-08-26,978.5
2021-08-25,996.5
2021-08-24,1013.0
2021-08-23,1015.9
2021-08-22,988.45
2021-08-20,995.7
2021-08-19,972.8
2021-08-18,998.6
2021-08-17,996.2
2021-08-16,1023.1
2021-08-15,1023.55
2021-08-13,1028.2
2021-08-12,1020.1
2021-08-11,1017.9
2021-08-10,989.2
2021-08-09,973.6
2021-08-08,956.95
2021-08-06,974.9
2021-08-05,1008.4
2021-08-04,1024.1
2021-08-03,1049.9
2021-08-02,1058.9
2021-08-01,1051.75
2021-07-30,1051.5
2021-07-29,1070.6
2021-07-28,1058.1
2021-07-27,1049.5
2021-07-26,1070.0
2021-07-25,1062.0
2021-07-23,1061.4
2021-07-22,1090.6
2021-07-21,1075.3
2021-07-20,1065.2
2021-07-19,1071.4
2021-07-18,1104.2
2021-07-16,1108.5
2021-07-15,1137.7
2021-07-14,1128.1
2021-07-13,1111.2
2021-07-12,1123.0
2021-07-11,1096.0
2021-07-09,1095.7
2021-07-08,1074.5
2021-07-07,1081.9
2021-07-06,1084.0
2021-07-05,1101.9
2021-07-02,1087.7
2021-07-01,1080.9
2021-06-30,1072.9
2021-06-29,1070.6
2021-06-28,1099.2
2021-06-27,1114.7
2021-06-25,1105.7
2021-06-24,1096.1
2021-06-23,1089.5
2021-06-22,1072.9
2021-06-21,1054.1
2021-06-20,1039.1
2021-06-18,1045.2
2021-06-17,1059.1
2021-06-16,1145.9
2021-06-15,1152.7
2021-06-14,1169.2
2021-06-13,1144.15
2021-06-11,1155.0
2021-06-10,1150.1
2021-06-09,1155.7
2021-06-08,1166.4
2021-06-07,1178.8
2021-06-06,1170.6
2021-06-04,1168.5
2021-06-03,1166.6
2021-06-02,1196.7
2021-06-01,1203.8
2021-05-31,1193.4
2021-05-30,1187.45
2021-05-28,1186.6
2021-05-27,1183.4
2021-05-26,1201.6
2021-05-25,1201.0
2021-05-24,1181.6
2021-05-23,1174.6
2021-05-21,1173.4
2021-05-20,1208.5
2021-05-19,1205.0
2021-05-18,1228.7
2021-05-17,1247.9
2021-05-16,1231.4
2021-05-14,1226.1
2021-05-13,1209.7
2021-05-12,1229.2
2021-05-11,1244.8
2021-05-10,1269.0
2021-05-09,1261.25
2021-05-07,1257.9
2021-05-06,1260.9
2021-05-05,1232.3
2021-05-04,1235.3
2021-05-03,1233.6
2021-05-02,1203.2
2021-04-30,1208.7
2021-04-29,1201.1
2021-04-28,1212.2
2021-04-27,1249.5
2021-04-26,1245.2
2021-04-25,1236.0
2021-04-23,1233.1
2021-04-22,1208.5
2021-04-21,1214.7
2021-04-20,1196.3
2021-04-19,1206.5
2021-04-18,1205.35
2021-04-16,1208.7
2021-04-15,1200.2
2021-04-14,1177.4
2021-04-13,1157.1
2021-04-12,1174.8
2021-04-11,1207.4
2021-04-09,1209.3
2021-04-08,1235.4
2021-04-07,1231.9
2021-04-06,1240.5
2021-04-05,1209.8
2021-04-04,1220.9
2021-04-01,1208.6
2021-03-31,1191.5
2021-03-30,1160.6
2021-03-29,1183.4
2021-03-28,1190.5
2021-03-26,1181.7
2021-03-25,1158.5
2021-03-24,1184.8
2021-03-23,1178.8
2021-03-22,1188.1
2021-03-21,1188.0
2021-03-19,1204.1
2021-03-18,1221.6
2021-03-17,1203.6
2021-03-16,1223.4
2021-03-15,1213.9
2021-03-14,1206.8
2021-03-12,1204.4
2021-03-11,1207.0
2021-03-10,1206.6
2021-03-09,1180.0
2021-03-08,1156.6
2021-03-07,1142.45
2021-03-05,1132.9
2021-03-04,1139.9
2021-03-03,1186.6
2021-03-02,1218.6
2021-03-01,1195.1
2021-02-28,1205.25
2021-02-26,1189.3
2021-02-25,1235.7
2021-02-24,1259.2
2021-02-23,1244.1
2021-02-22,1286.4
2021-02-21,1297.6
2021-02-19,1297.1
2021-02-18,1278.3
2021-02-17,1261.4
2021-02-16,1282.9
2021-02-15,1318.75
2021-02-14,1271.45
2021-02-12,1261.5
2021-02-11,1249.8
2021-02-10,1249.7
2021-02-09,1196.6
2021-02-08,1177.3
2021-02-07,1145.4
2021-02-05,1136.1
2021-02-04,1105.2
2021-02-03,1116.9
2021-02-02,1097.8
2021-02-01,1140.3
2021-01-31,1098.1
2021-01-29,1083.4
2021-01-28,1076.5
2021-01-27,1079.0
2021-01-26,1107.4
2021-01-25,1104.7
2021-01-24,1112.35
2021-01-22,1111.6
2021-01-21,1128.0
2021-01-20,1116.4
2021-01-19,1092.0
2021-01-18,1098.1
2021-01-17,1072.3
2021-01-15,1089.9
2021-01-14,1126.4
2021-01-13,1110.7
2021-01-12,1067.8
2021-01-11,1044.6
2021-01-10,1055.8
2021-01-08,1071.3
2021-01-07,1124.6
2021-01-06,1110.2
2021-01-05,1119.6
2021-01-04,1071.5
2021-01-03,1091.1
2021-01-01,1079.5
2020-12-31,1079.2
2020-12-30,1078.5
2020-12-29,1060.7
2020-12-28,1049.1
2020-12-27,1047.2
2020-12-24,1035.0
2020-12-23,1023.9
2020-12-22,1015.8
2020-12-21,1021.7
2020-12-20,1044.5
2020-12-18,1049.0
2020-12-17,1055.8
2020-12-16,1040.7
2020-12-15,1044.1
2020-12-14,1020.2
2020-12-13,1025.55
2020-12-11,1026.3
2020-12-10,1031.7
2020-12-09,1022.4
2020-12-08,1041.0
2020-12-07,1053.5
2020-12-06,1059.15
2020-12-04,1076.4
2020-12-03,1042.0
2020-12-02,1016.1
2020-12-01,1008.3
2020-11-30,970.5
2020-11-29,971.05
2020-11-27,970.3
2020-11-26,965.05
2020-11-25,971.3
2020-11-24,962.8
2020-11-23,935.9
2020-11-22,952.95
2020-11-20,961.1
2020-11-19,954.5
2020-11-18,953.7
2020-11-17,940.8
2020-11-16,931.3
2020-11-15,896.55
2020-11-13,900.0
2020-11-12,887.6
2020-11-11,871.8
2020-11-10,896.3
2020-11-09,870.4
2020-11-08,906.0
2020-11-06,902.8
2020-11-05,902.8
2020-11-04,873.2
2020-11-03,877.8
2020-11-02,863.3
2020-11-01,841.25
2020-10-30,852.4
2020-10-29,853.8
2020-10-28,875.0
2020-10-27,886.8
2020-10-26,877.4
2020-10-25,903.15
2020-10-23,906.7
2020-10-22,884.0
2020-10-21,893.9
2020-10-20,877.3
2020-10-19,863.5
2020-10-18,867.45
2020-10-16,869.3
2020-10-15,861.3
2020-10-14,863.4
2020-10-13,873.3
2020-10-12,876.3
2020-10-11,891.65
2020-10-09,894.3
2020-10-08,864.0
2020-10-07,866.8
2020-10-06,870.3
2020-10-05,904.7
2020-10-04,893.05
2020-10-02,891.4
2020-10-01,906.0
2020-09-30,909.2
2020-09-29,897.7
2020-09-28,888.2
2020-09-27,855.85
2020-09-25,849.2
2020-09-24,845.3
2020-09-23,850.8
2020-09-22,866.2
2020-09-21,884.7
2020-09-20,933.65
2020-09-18,946.1
2020-09-17,938.7
2020-09-16,980.4
2020-09-15,989.1
2020-09-14,965.4
2020-09-13,939.45
2020-09-11,946.0
2020-09-10,947.2
2020-09-09,930.7
2020-09-08,917.5
2020-09-07,912.35
2020-09-06,903.0
2020-09-04,905.3
2020-09-03,897.0
2020-09-02,912.3
2020-09-01,961.4
2020-08-31,947.4
2020-08-30,946.7
2020-08-28,949.1
2020-08-27,930.1
2020-08-26,947.3
2020-08-25,941.4
2020-08-24,931.7
2020-08-23,925.0
2020-08-21,932.8
2020-08-20,933.7
2020-08-19,962.7
2020-08-18,982.1
2020-08-17,974.5
2020-08-16,959.1
2020-08-14,965.8
2020-08-13,989.9
2020-08-12,966.1
2020-08-11,978.4
2020-08-10,1009.4
2020-08-09,983.65
2020-08-07,977.4
2020-08-06,1020.8
2020-08-05,994.9
2020-08-04,961.0
2020-08-03,938.0
2020-08-02,922.0
2020-07-31,919.7
2020-07-30,920.55
2020-07-29,959.35
2020-07-28,987.65
2020-07-27,995.9
2020-07-26,966.15
2020-07-24,955.35
2020-07-23,949.55
2020-07-22,962.4
2020-07-21,926.85
2020-07-20,862.8
2020-07-19,851.8
2020-07-17,850.9
2020-07-16,833.7
2020-07-15,846.35
2020-07-14,843.85
2020-07-13,849.9
2020-07-12,844.8
2020-07-10,841.5
2020-07-09,853.55
2020-07-08,881.7
2020-07-07,861.6
2020-07-06,842.6
2020-07-05,826.75
2020-07-03,825.8
2020-07-02,827.65
2020-07-01,836.45
2020-06-30,852.6
2020-06-29,832.3
2020-06-28,815.5
2020-06-26,804.0
2020-06-25,809.4
2020-06-24,796.95
2020-06-23,843.85
2020-06-22,844.5
2020-06-21,826.75
2020-06-19,824.6
2020-06-18,814.7
2020-06-17,833.8
2020-06-16,841.25
2020-06-15,831.05
2020-06-14,816.8
2020-06-12,820.4
2020-06-11,812.55
2020-06-10,850.0
2020-06-09,859.95
2020-06-08,864.05
2020-06-07,835.8
2020-06-05,834.5
2020-06-04,866.15
2020-06-03,858.15
2020-06-02,872.7
2020-06-01,900.3
2020-05-31,877.2
2020-05-29,873.1
2020-05-28,863.45
2020-05-27,879.3
2020-05-26,869.9
2020-05-25,895.1
2020-05-24,885.5
2020-05-22,886.6
2020-05-21,869.3
2020-05-20,931.75
2020-05-19,893.55
2020-05-18,862.5
2020-05-17,841.3
2020-05-15,821.45
2020-05-14,785.6
2020-05-13,776.45
2020-05-12,768.2
2020-05-11,781.0
2020-05-10,796.2
2020-05-08,791.05
2020-05-07,781.5
2020-05-06,764.75
2020-05-05,781.55
2020-05-04,780.3
2020-05-03,768.35
2020-05-01,778.6
2020-04-30,805.5
2020-04-29,810.65
2020-04-28,794.3
2020-04-27,776.65
2020-04-26,780.1
2020-04-24,781.25
2020-04-23,791.3
2020-04-22,768.9
2020-04-21,757.9
2020-04-20,788.6
2020-04-19,786.45
2020-04-17,791.25
2020-04-16,805.5
2020-04-15,801.45
2020-04-14,819.2
2020-04-13,754.3
2020-04-12,749.0
2020-04-10,751.8
2020-04-09,751.5
2020-04-08,736.45
2020-04-07,738.7
2020-04-06,746.45
2020-04-05,724.7
2020-04-03,724.6
2020-04-02,729.15
2020-04-01,719.1
2020-03-31,718.65
2020-03-30,723.7
2020-03-29,741.9
2020-03-27,738.4
2020-03-26,741.15
2020-03-25,733.6
2020-03-24,734.6
2020-03-23,665.15
2020-03-22,606.0
2020-03-20,611.4
2020-03-19,595.2
2020-03-18,642.1
2020-03-17,669.0
2020-03-16,666.15
2020-03-15,757.9
2020-03-13,763.3
2020-03-12,762.65
2020-03-11,863.2
2020-03-10,873.5
2020-03-09,872.2
2020-03-08,899.7
2020-03-06,904.35
2020-03-05,872.95
2020-03-04,875.7
2020-03-03,878.25
2020-03-02,868.8
2020-03-01,852.95
2020-02-28,866.35
2020-02-27,903.65
2020-02-26,911.4
2020-02-25,935.7
2020-02-24,966.15
2020-02-23,977.45
2020-02-21,976.75
2020-02-20,986.05
2020-02-19,1010.85
2020-02-18,995.8
2020-02-17,973.1
2020-02-16,969.35
2020-02-14,967.4
2020-02-13,972.0
2020-02-12,963.95
2020-02-11,971.75
2020-02-10,965.45
2020-02-09,970.0
2020-02-07,970.15
2020-02-06,968.9
2020-02-05,984.2
2020-02-04,966.65
2020-02-03,971.3
2020-02-02,968.25
2020-01-31,962.65
2020-01-30,981.85
2020-01-29,982.5
2020-01-28,990.7
2020-01-27,991.3
2020-01-26,1004.05
2020-01-24,1010.25
2020-01-23,1009.05
2020-01-22,1022.6
2020-01-21,1000.8
2020-01-20,1026.3
2020-01-19,1030.5
2020-01-17,1027.05
2020-01-16,1015.3
2020-01-15,1031.5
2020-01-14,989.25
2020-01-13,980.6
2020-01-12,981.75
2020-01-10,984.3
2020-01-09,973.6
2020-01-08,961.0
2020-01-07,977.75
2020-01-06,969.35
2020-01-05,989.3
2020-01-03,988.55
2020-01-02,986.9
2020-01-01,975.5
2019-12-31,971.9
2019-12-30,964.75
2019-12-29,956.0
2019-12-27,947.35
2019-12-26,949.1
2019-12-25,943.0
2019-12-24,945.6
2019-12-23,932.5
2019-12-22,918.85
2019-12-20,912.15
2019-12-19,936.4
2019-12-18,935.8
2019-12-17,929.05
2019-12-16,931.15
2019-12-15,928.55
2019-12-13,930.6
2019-12-12,945.5
2019-12-11,941.4
2019-12-10,918.65
2019-12-09,896.25
2019-12-08,898.1
2019-12-06,897.9
2019-12-05,898.7
2019-12-04,900.05
2019-12-03,912.0
2019-12-02,900.4
2019-12-01,899.25
2019-11-29,898.1
2019-11-28,895.55
2019-11-27,899.5
2019-11-26,909.8
2019-11-25,898.45
2019-11-24,894.55
2019-11-22,893.75
2019-11-21,917.5
2019-11-20,919.8
2019-11-19,912.4
2019-11-18,897.1
2019-11-17,893.25
2019-11-15,892.4
2019-11-14,882.85
2019-11-13,876.1
2019-11-12,874.05
2019-11-11,877.2
2019-11-10,891.55
2019-11-08,889.7
2019-11-07,914.2
2019-11-06,932.3
2019-11-05,932.25
2019-11-04,939.3
2019-11-03,954.7
2019-11-01,954.65
2019-10-31,936.3
2019-10-30,928.05
2019-10-29,924.6
2019-10-28,920.35
2019-10-27,930.95
2019-10-25,930.55
2019-10-24,927.2
2019-10-23,922.2
2019-10-22,896.7
2019-10-21,891.6
2019-10-20,895.45
2019-10-18,896.5
2019-10-17,891.7
2019-10-16,889.85
2019-10-15,888.55
2019-10-14,898.6
2019-10-13,897.65
2019-10-11,901.0
2019-10-10,904.25
2019-10-09,895.95
2019-10-08,899.05
2019-10-07,881.85
2019-10-06,884.9
2019-10-04,885.45
2019-10-03,894.45
2019-10-02,893.9
2019-10-01,884.35
2019-09-30,892.15
2019-09-29,938.9
2019-09-27,929.6
2019-09-26,932.8
2019-09-25,928.3
2019-09-24,957.05
2019-09-23,959.25
2019-09-22,950.9
2019-09-20,947.3
2019-09-19,940.25
2019-09-18,925.3
2019-09-17,940.5
2019-09-16,938.2
2019-09-15,958.75
2019-09-13,950.65
2019-09-12,952.25
2019-09-11,948.15
2019-09-10,934.85
2019-09-09,946.1
2019-09-08,950.45
2019-09-06,953.3
2019-09-05,962.2
2019-09-04,991.3
2019-09-03,964.5
2019-09-02,933.25
2019-09-01,940.45
2019-08-30,936.6
2019-08-29,920.75
2019-08-28,901.8
2019-08-27,870.3
2019-08-26,858.75
2019-08-25,864.1
2019-08-23,860.25
2019-08-22,860.8
2019-08-21,855.95
2019-08-20,850.15
2019-08-19,853.1
2019-08-18,851.9
2019-08-16,851.4
2019-08-15,842.75
2019-08-14,848.65
2019-08-13,857.8
2019-08-12,862.15
2019-08-11,864.5
2019-08-09,864.35
2019-08-08,870.7
2019-08-07,868.85
2019-08-06,855.55
2019-08-05,860.5
2019-08-04,848.95
2019-08-02,848.2
2019-08-01,856.85
2019-07-31,868.6
2019-07-30,878.8
2019-07-29,883.1
2019-07-28,870.1
2019-07-26,868.6
2019-07-25,871.3
2019-07-24,880.95
2019-07-23,859.9
2019-07-22,850.9
2019-07-21,850.7
2019-07-19,849.45
2019-07-18,854.3
2019-07-17,848.85
2019-07-16,844.2
2019-07-15,845.7
2019-07-14,834.7
2019-07-12,834.25
2019-07-11,827.4
2019-07-10,831.4
2019-07-09,813.6
2019-07-08,816.6
2019-07-07,812.35
2019-07-05,813.8
2019-07-04,840.35
2019-07-03,843.85
2019-07-02,837.75
2019-07-01,835.75
2019-06-30,834.4
2019-06-28,839.6
2019-06-27,821.95
2019-06-26,821.45
2019-06-25,811.25
2019-06-24,820.05
2019-06-23,817.95
2019-06-21,809.45
2019-06-20,810.25
2019-06-19,812.55
2019-06-18,803.4
2019-06-17,792.65
2019-06-16,801.7
2019-06-14,803.6
2019-06-13,812.7
2019-06-12,811.35
2019-06-11,815.2
2019-06-10,807.75
2019-06-09,809.55
2019-06-07,806.15
2019-06-06,803.25
2019-06-05,806.65
2019-06-04,820.75
2019-06-03,823.05
2019-06-02,794.75
2019-05-31,792.8
2019-05-30,791.65
2019-05-29,792.2
2019-05-28,800.2
2019-05-27,813.1
2019-05-26,806.7
2019-05-24,805.5
2019-05-23,801.15
2019-05-22,803.5
2019-05-21,817.5
2019-05-20,816.5
2019-05-19,822.45
2019-05-17,819.55
2019-05-16,835.3
2019-05-15,846.8
2019-05-14,859.7
2019-05-13,860.85
2019-05-12,858.9
2019-05-10,867.75
2019-05-09,854.0
2019-05-08,864.4
2019-05-07,873.15
2019-05-06,884.95
2019-05-05,864.8
2019-05-03,874.7
2019-05-02,853.65
2019-05-01,872.2
2019-04-30,891.4
2019-04-29,901.6
2019-04-28,904.1
2019-04-26,902.8
2019-04-25,890.65
2019-04-24,888.6
2019-04-23,893.1
2019-04-22,904.85
2019-04-21,907.1
2019-04-19,907.0
2019-04-18,907.4
2019-04-17,892.7
2019-04-16,885.2
2019-04-15,891.65
2019-04-14,896.4
2019-04-12,895.35
2019-04-11,897.4
2019-04-10,907.95
2019-04-09,891.6
2019-04-08,910.05
2019-04-07,908.75
2019-04-05,905.65
2019-04-04,902.05
2019-04-03,875.5
2019-04-02,856.0
2019-04-01,855.7
2019-03-31,856.3
2019-03-29,853.4
2019-03-28,849.25
2019-03-27,859.9
2019-03-26,865.3
2019-03-25,866.6
2019-03-24,849.95
2019-03-22,847.95
2019-03-21,860.35
2019-03-20,868.5
2019-03-19,851.7
2019-03-18,836.2
2019-03-17,830.55
2019-03-15,831.8
2019-03-14,825.4
2019-03-13,842.05
2019-03-12,835.9
2019-03-11,820.65
2019-03-10,818.15
2019-03-08,818.85
2019-03-07,816.5
2019-03-06,829.7
2019-03-05,839.1
2019-03-04,840.6
2019-03-03,863.7
2019-03-01,862.2
2019-02-28,874.1
2019-02-27,871.85
2019-02-26,863.1
2019-02-25,856.8
2019-02-24,846.8
2019-02-22,845.45
2019-02-21,826.9
2019-02-20,830.4
2019-02-19,821.4
2019-02-18,808.75
2019-02-17,806.6
2019-02-15,808.55
2019-02-14,788.75
2019-02-13,788.4
2019-02-12,793.55
2019-02-11,789.75
2019-02-10,802.3
2019-02-08,802.2
2019-02-07,800.8
2019-02-06,807.1
2019-02-05,821.35
2019-02-04,822.5
2019-02-03,826.0
2019-02-01,825.9
2019-01-31,823.0
2019-01-30,819.6
2019-01-29,816.3
2019-01-28,814.0
2019-01-27,818.4
2019-01-25,820.65
2019-01-24,804.6
2019-01-23,797.55
2019-01-22,794.0
2019-01-21,798.45
2019-01-20,801.35
2019-01-18,800.3
2019-01-17,812.4
2019-01-16,809.35
2019-01-15,803.8
2019-01-14,808.7
2019-01-13,814.3
2019-01-11,813.8
2019-01-10,823.9
2019-01-09,829.65
2019-01-08,825.45
2019-01-07,826.4
2019-01-06,824.85
2019-01-04,826.7
2019-01-03,804.0
2019-01-02,798.7
2019-01-01,800.6
2018-12-31,801.4
2018-12-30,796.2
2018-12-28,790.25
2018-12-27,795.5
2018-12-26,799.25
2018-12-25,788.9
2018-12-24,788.4
2018-12-23,791.95
2018-12-21,789.05
2018-12-20,796.4
2018-12-19,787.7
2018-12-18,792.9
2018-12-17,793.1
2018-12-16,787.35
2018-12-14,787.35
2018-12-13,796.8
2018-12-12,804.65
2018-12-11,787.35
2018-12-10,783.75
2018-12-09,793.1
2018-12-07,794.3
2018-12-06,789.8
2018-12-05,802.05
2018-12-04,804.55
2018-12-03,808.5
2018-12-02,807.9
2018-11-30,801.0
2018-11-29,822.2
2018-11-28,827.8
2018-11-27,836.5
2018-11-26,846.5
2018-11-25,843.8
2018-11-23,843.1
2018-11-22,850.0
2018-11-21,849.1
2018-11-20,844.3
2018-11-19,855.7
2018-11-18,848.0
2018-11-16,848.0
2018-11-15,844.3
2018-11-14,838.3
2018-11-13,843.7
2018-11-12,845.0
2018-11-11,857.3
2018-11-09,855.6
2018-11-08,867.2
2018-11-07,877.0
2018-11-06,873.2
2018-11-05,867.5
2018-11-04,873.9
2018-11-02,872.1
2018-11-01,867.8
2018-10-31,841.8
2018-10-30,838.4
2018-10-29,836.6
2018-10-28,835.7
2018-10-26,836.0
2018-10-25,829.6
2018-10-24,834.6
2018-10-23,835.1
2018-10-22,824.0
2018-10-21,833.8
2018-10-19,833.9
2018-10-18,831.5
2018-10-17,835.1
2018-10-16,845.2
2018-10-15,846.8
2018-10-14,843.3
2018-10-12,841.8
2018-10-11,841.9
2018-10-10,824.5
2018-10-09,829.3
2018-10-08,825.3
2018-10-07,825.2
2018-10-05,825.3
2018-10-04,827.4
2018-10-03,827.8
2018-10-02,836.1
2018-10-01,826.9
2018-09-30,818.6
2018-09-28,818.5
2018-09-27,813.2
2018-09-26,827.6
2018-09-25,827.8
2018-09-24,831.6
2018-09-23,829.4
2018-09-21,828.7
2018-09-20,835.0
2018-09-19,824.2
2018-09-18,815.2
2018-09-17,795.4
2018-09-16,793.5
2018-09-14,794.6
2018-09-13,804.2
2018-09-12,799.8
2018-09-11,792.5
2018-09-10,786.3
2018-09-09,782.1
2018-09-07,781.9
2018-09-06,792.7
2018-09-05,785.5
2018-09-04,777.8
2018-09-03,787.6
2018-09-02,787.2
2018-08-31,787.8
2018-08-30,791.1
2018-08-29,797.2
2018-08-28,791.8
2018-08-27,805.0
2018-08-26,792.7
2018-08-24,790.5
2018-08-23,775.6
2018-08-22,792.9
2018-08-21,795.3
2018-08-20,795.9
2018-08-19,788.3
2018-08-17,788.1
2018-08-16,781.0
2018-08-15,765.2
2018-08-14,801.2
2018-08-13,799.8
2018-08-12,830.5
2018-08-10,828.8
2018-08-09,833.7
2018-08-08,832.0
2018-08-07,832.6
2018-08-06,824.3
2018-08-05,836.1
2018-08-03,832.5
2018-08-02,825.0
2018-08-01,821.5
2018-07-31,839.7
2018-07-30,831.3
2018-07-29,832.6
2018-07-27,832.3
2018-07-26,829.5
2018-07-25,847.4
2018-07-24,836.6
2018-07-23,834.0
2018-07-22,833.0
2018-07-20,828.9
2018-07-19,809.2
2018-07-18,821.6
2018-07-17,818.5
2018-07-16,828.0
2018-07-15,832.2
2018-07-13,831.7
2018-07-12,844.6
2018-07-11,831.7
2018-07-10,846.0
2018-07-09,855.3
2018-07-08,848.4
2018-07-06,847.0
2018-07-05,844.5
2018-07-04,846.4
2018-07-03,844.1
2018-07-02,819.4
2018-07-01,856.8
2018-06-29,856.9
2018-06-28,853.5
2018-06-27,861.0
2018-06-26,871.4
2018-06-25,869.8
2018-06-24,880.6
2018-06-22,878.7
2018-06-21,864.0
2018-06-20,870.8
2018-06-19,867.2
2018-06-18,885.7
2018-06-17,889.1
2018-06-15,888.2
2018-06-14,906.2
2018-06-13,902.4
2018-06-12,900.4
2018-06-11,905.6
2018-06-10,907.7
2018-06-08,908.2
2018-06-07,901.1
2018-06-06,906.1
2018-06-05,902.5
2018-06-04,900.9
2018-06-03,904.2
2018-06-01,903.7
2018-05-31,909.7
2018-05-30,910.1
2018-05-29,907.6
2018-05-28,905.4
2018-05-27,901.6
2018-05-25,900.6
2018-05-24,910.4
2018-05-23,904.6
2018-05-22,908.3
2018-05-21,899.5
2018-05-20,886.2
2018-05-18,886.8
2018-05-17,891.0
2018-05-16,892.6
2018-05-15,898.4
2018-05-14,911.6
2018-05-13,924.4
2018-05-11,924.0
2018-05-10,925.8
2018-05-09,914.8
2018-05-08,915.7
2018-05-07,912.6
2018-05-06,911.3
2018-05-04,911.6
2018-05-03,903.8
2018-05-02,896.5
2018-05-01,894.6
2018-04-30,906.4
2018-04-29,916.2
2018-04-27,916.8
2018-04-26,910.2
2018-04-25,914.7
2018-04-24,934.0
2018-04-23,923.3
2018-04-22,929.1
2018-04-20,929.4
2018-04-19,938.0
2018-04-18,946.5
2018-04-17,939.0
2018-04-16,933.3
2018-04-15,934.1
2018-04-13,934.3
2018-04-12,932.0
2018-04-11,936.1
2018-04-10,935.9
2018-04-09,937.0
2018-04-08,923.7
2018-04-06,920.6
2018-04-05,916.8
2018-04-04,920.7
2018-04-03,929.3
2018-04-02,939.3
2018-04-01,939.4
2018-03-29,936.6
2018-03-28,945.0
2018-03-27,952.1
2018-03-26,960.0
2018-03-25,956.0
2018-03-23,949.6
2018-03-22,950.8
2018-03-21,959.9
2018-03-20,943.9
2018-03-19,954.7
2018-03-18,950.2
2018-03-16,950.9
2018-03-15,955.3
2018-03-14,963.3
2018-03-13,967.6
2018-03-12,966.1
2018-03-11,966.4
2018-03-09,966.9
2018-03-08,953.6
2018-03-07,955.1
2018-03-06,971.3
2018-03-05,964.6
2018-03-04,969.8
2018-03-02,967.4
2018-03-01,970.0
2018-02-28,984.8
2018-02-27,985.3
2018-02-26,1002.2
2018-02-25,996.3
2018-02-23,998.1
2018-02-22,1000.1
2018-02-21,994.5
2018-02-20,1002.2
2018-02-19,1008.2
2018-02-18,1007.8
2018-02-16,1008.8
2018-02-15,1004.2
2018-02-14,1001.6
2018-02-13,978.1
2018-02-12,973.4
2018-02-11,970.4
2018-02-09,968.2
2018-02-08,978.9
2018-02-07,985.0
2018-02-06,994.0
2018-02-05,994.8
2018-02-04,993.2
2018-02-02,995.9
2018-02-01,1009.6
2018-01-31,1005.5
2018-01-30,1001.6
2018-01-29,1010.3
2018-01-28,1014.3
2018-01-26,1013.4
2018-01-25,1016.4
2018-01-24,1019.0
2018-01-23,1010.8
2018-01-22,1003.2
2018-01-21,1019.1
2018-01-19,1016.7
2018-01-18,1006.5
2018-01-17,1003.9
2018-01-16,1004.3
2018-01-15,1002.2
2018-01-14,997.2
2018-01-12,998.7
2018-01-11,988.5
2018-01-10,976.0
2018-01-09,968.5
2018-01-08,974.3
2018-01-07,973.6
2018-01-05,974.9
2018-01-04,966.0
2018-01-03,956.1
2018-01-02,949.9
2018-01-01,937.4
2017-12-29,934.6
2017-12-28,930.9
2017-12-27,926.1
2017-12-26,925.5
2017-12-25,921.3
2017-12-22,923.05
2017-12-21,919.3
2017-12-20,920.2
2017-12-19,914.6
2017-12-18,911.4
2017-12-17,891.8
2017-12-15,893.9
2017-12-14,882.9
2017-12-13,887.7
2017-12-12,880.65
2017-12-11,888.15
2017-12-10,889.6
2017-12-08,888.0
2017-12-07,893.5
2017-12-06,903.55
2017-12-05,917.25
2017-12-04,930.85
2017-12-03,937.85
2017-12-01,941.2
2017-11-30,943.8
2017-11-29,942.7
2017-11-28,951.65
2017-11-27,949.2
2017-11-26,942.25
2017-11-24,945.05
2017-11-23,937.35
2017-11-22,939.45
2017-11-21,936.85
2017-11-20,929.3
2017-11-19,951.25
2017-11-17,953.95
2017-11-16,934.95
2017-11-15,933.75
2017-11-14,929.15
2017-11-13,933.35
2017-11-12,931.45
2017-11-10,931.15
2017-11-09,940.25
2017-11-08,933.8
2017-11-07,927.05
2017-11-06,935.05
2017-11-05,924.2
2017-11-03,922.65
2017-11-02,929.0
2017-11-01,934.8
2017-10-31,921.1
2017-10-30,923.55
2017-10-29,918.35
2017-10-27,918.4
2017-10-26,919.8
2017-10-25,928.15
2017-10-24,924.65
2017-10-23,929.35
2017-10-22,920.75
2017-10-20,926.0
2017-10-19,927.4
2017-10-18,924.15
2017-10-17,937.1
2017-10-16,935.15
2017-10-15,948.5
2017-10-13,948.8
2017-10-12,941.3
2017-10-11,937.2
2017-10-10,935.95
2017-10-09,919.4
2017-10-08,918.05
2017-10-06,918.95
2017-10-05,917.45
2017-10-04,916.8
2017-10-03,916.35
2017-10-02,916.3
2017-10-01,916.35
2017-09-29,915.3
2017-09-28,926.55
2017-09-27,924.55
2017-09-26,928.45
2017-09-25,944.45
2017-09-24,935.2
2017-09-22,933.45
2017-09-21,940.25
2017-09-20,941.75
2017-09-19,953.75
2017-09-18,964.4
2017-09-17,967.1
2017-09-15,970.75
2017-09-14,989.85
2017-09-13,982.55
2017-09-12,990.05
2017-09-11,992.6
2017-09-10,1005.85
2017-09-08,1010.85
2017-09-07,1021.75
2017-09-06,1005.6
2017-09-05,1012.9
2017-09-04,1009.8
2017-09-03,1016.75
2017-09-01,1011.25
2017-08-31,1001.25
2017-08-30,993.75
2017-08-29,997.2
2017-08-28,993.2
2017-08-27,977.9
2017-08-25,977.3
2017-08-24,982.5
2017-08-23,982.55
2017-08-22,978.15
2017-08-21,985.7
2017-08-20,980.3
2017-08-18,981.75
2017-08-17,980.0
2017-08-16,982.55
2017-08-15,966.2
2017-08-14,969.05
2017-08-13,987.0
2017-08-11,987.8
2017-08-10,986.3
2017-08-09,978.25
2017-08-08,975.9
2017-08-07,970.15
2017-08-06,966.25
2017-08-04,967.85
2017-08-03,965.95
2017-08-02,949.4
2017-08-01,946.95
2017-07-31,941.65
2017-07-30,938.8
2017-07-28,937.85
2017-07-27,928.8
2017-07-26,931.45
2017-07-25,926.4
2017-07-24,931.8
2017-07-23,938.35
2017-07-21,937.8
2017-07-20,928.85
2017-07-19,923.65
2017-07-18,930.05
2017-07-17,925.15
2017-07-16,925.5
2017-07-14,923.45
2017-07-13,906.95
2017-07-12,917.85
2017-07-11,904.6
2017-07-10,902.55
2017-07-09,909.8
2017-07-07,909.0
2017-07-06,910.05
2017-07-05,911.2
2017-07-04,917.0
2017-07-03,907.35
2017-07-02,929.6
2017-06-30,927.7
2017-06-29,923.8
2017-06-28,922.55
2017-06-27,921.2
2017-06-26,919.25
2017-06-25,931.1
2017-06-23,929.75
2017-06-22,926.8
2017-06-21,928.95
2017-06-20,924.2
2017-06-19,924.85
2017-06-18,927.15
2017-06-16,929.85
2017-06-15,922.6
2017-06-14,938.1
2017-06-13,928.25
2017-06-12,944.35
2017-06-11,939.0
2017-06-09,940.4
2017-06-08,940.4
2017-06-07,945.8
2017-06-06,962.4
2017-06-05,954.8
2017-06-04,952.2
2017-06-02,955.35
2017-06-01,932.15
2017-05-31,949.95
2017-05-30,941.35
2017-05-29,956.55
2017-05-28,963.7
2017-05-26,961.95
2017-05-25,949.55
2017-05-24,950.4
2017-05-23,944.4
2017-05-22,949.9
2017-05-21,941.95
2017-05-19,940.4
2017-05-18,933.95
2017-05-17,947.8
2017-05-16,944.0
2017-05-15,931.95
2017-05-14,924.2
2017-05-12,922.0
2017-05-11,919.1
2017-05-10,910.45
2017-05-09,907.1
2017-05-08,919.45
2017-05-07,924.35
2017-05-05,914.4
2017-05-04,904.85
2017-05-03,898.95
2017-05-02,928.5
2017-05-01,934.8
2017-04-30,950.5
2017-04-28,948.15
2017-04-27,948.15
2017-04-26,951.85
2017-04-25,956.95
2017-04-24,966.45
2017-04-23,972.65
2017-04-21,974.65
2017-04-20,979.7
2017-04-19,970.2
2017-04-18,979.95
2017-04-17,983.7
2017-04-16,984.65
2017-04-13,976.1
2017-04-12,976.05
2017-04-11,971.7
2017-04-10,945.8
2017-04-09,956.15
2017-04-07,956.8
2017-04-06,959.9
2017-04-05,965.3
2017-04-04,963.1
2017-04-03,962.65
2017-04-02,956.95
2017-03-31,953.4
2017-03-30,952.2
2017-03-29,959.2
2017-03-28,956.75
2017-03-27,970.6
2017-03-26,973.6
2017-03-24,966.35
2017-03-23,962.95
2017-03-22,962.35
2017-03-21,972.6
2017-03-20,972.85
2017-03-19,966.65
2017-03-17,965.8
2017-03-16,958.65
2017-03-15,958.9
2017-03-14,939.1
2017-03-13,939.15
2017-03-12,943.95
2017-03-10,943.9
2017-03-09,936.5
2017-03-08,951.45
2017-03-07,963.8
2017-03-06,980.6
2017-03-05,1001.75
2017-03-03,1000.6
2017-03-02,993.95
2017-03-01,1018.05
2017-02-28,1022.3
2017-02-27,1031.95
2017-02-26,1028.5
2017-02-24,1031.05
2017-02-23,1012.1
2017-02-22,1004.85
2017-02-21,1004.3
2017-02-20,1007.0
2017-02-19,1005.85
2017-02-17,1006.35
2017-02-16,1014.95
2017-02-15,1012.35
2017-02-14,1003.35
2017-02-13,1000.85
2017-02-12,1010.55
2017-02-10,1014.3
2017-02-09,1015.2
2017-02-08,1017.75
2017-02-07,1007.75
2017-02-06,1016.85
2017-02-05,1007.2
2017-02-03,1006.85
2017-02-02,999.9
2017-02-01,1003.65
2017-01-31,999.25
2017-01-30,992.1
2017-01-29,989.5
2017-01-27,988.45
2017-01-26,980.5
2017-01-25,988.55
2017-01-24,997.2
2017-01-23,984.3
2017-01-22,985.65
2017-01-20,981.8
2017-01-19,960.7
2017-01-18,966.2
2017-01-17,981.7
2017-01-16,985.7
2017-01-15,989.5
2017-01-13,987.75
2017-01-12,980.8
2017-01-11,977.8
2017-01-10,979.3
2017-01-09,979.7
2017-01-08,973.2
2017-01-06,972.85
2017-01-05,974.1
2017-01-04,947.75
2017-01-03,930.2
2017-01-02,906.6
2016-12-30,905.65
2016-12-29,907.85
2016-12-28,902.4
2016-12-27,908.25
2016-12-26,900.7
2016-12-23,893.1
2016-12-22,908.55
2016-12-21,915.15
2016-12-20,919.4
2016-12-19,919.25
2016-12-18,925.4
2016-12-16,927.6
2016-12-15,900.1
2016-12-14,926.35
2016-12-13,934.75
2016-12-12,931.6
2016-12-11,918.3
2016-12-09,916.1
2016-12-08,939.5
2016-12-07,943.65
2016-12-06,936.3
2016-12-05,936.75
2016-12-04,927.3
2016-12-02,929.9
2016-12-01,916.2
2016-11-30,910.65
2016-11-29,919.9
2016-11-28,927.85
2016-11-27,913.0
2016-11-25,908.0
2016-11-24,918.3
2016-11-23,932.6
2016-11-22,941.95
2016-11-21,942.55
2016-11-20,921.1
2016-11-18,923.4
2016-11-17,932.5
2016-11-16,944.75
2016-11-15,943.85
2016-11-14,936.35
2016-11-13,949.25
2016-11-11,944.7
2016-11-10,979.65
2016-11-09,996.1
2016-11-08,1003.2
2016-11-07,1002.35
2016-11-06,992.6
2016-11-04,1000.4
2016-11-03,998.1
2016-11-02,994.65
2016-11-01,992.95
2016-10-31,981.7
2016-10-30,980.7
2016-10-28,981.75
2016-10-27,967.25
2016-10-26,961.85
2016-10-25,961.95
2016-10-24,941.85
2016-10-23,934.35
2016-10-21,935.0
2016-10-20,933.7
2016-10-19,946.45
2016-10-18,946.5
2016-10-17,939.0
2016-10-16,938.9
2016-10-14,937.25
2016-10-13,937.05
2016-10-12,943.5
2016-10-11,949.25
2016-10-10,969.0
2016-10-09,976.65
2016-10-07,970.75
2016-10-06,971.85
2016-10-05,985.6
2016-10-04,990.9
2016-10-03,1010.6
2016-10-02,1032.25
2016-09-30,1032.8
2016-09-29,1032.35
2016-09-28,1040.6
2016-09-27,1031.65
2016-09-26,1044.45
2016-09-25,1060.25
2016-09-23,1057.1
2016-09-22,1058.25
2016-09-21,1054.25
2016-09-20,1033.9
2016-09-19,1023.6
2016-09-18,1021.1
2016-09-16,1017.6
2016-09-15,1034.4
2016-09-14,1039.6
2016-09-13,1039.85
2016-09-12,1060.05
2016-09-11,1067.45
2016-09-09,1064.8
2016-09-08,1088.25
2016-09-07,1092.45
2016-09-06,1102.2
2016-09-05,1074.45
2016-09-04,1064.95
2016-09-02,1066.4
2016-09-01,1052.2
2016-08-31,1055.95
2016-08-30,1060.8
2016-08-29,1083.3
2016-08-28,1074.9
2016-08-26,1076.15
2016-08-25,1077.15
2016-08-24,1084.4
2016-08-23,1110.1
2016-08-22,1107.35
2016-08-21,1112.45
2016-08-19,1118.75
2016-08-18,1131.4
2016-08-17,1129.2
2016-08-16,1126.35
2016-08-15,1118.35
2016-08-14,1133.25
2016-08-12,1128.55
2016-08-11,1153.55
2016-08-10,1181.7
2016-08-09,1160.85
2016-08-08,1154.95
2016-08-07,1148.85
2016-08-05,1150.6
2016-08-04,1161.55
2016-08-03,1168.15
2016-08-02,1170.25
2016-08-01,1162.95
2016-07-31,1152.9
2016-07-29,1153.65
2016-07-28,1138.25
2016-07-27,1139.1
2016-07-26,1097.15
2016-07-25,1088.0
2016-07-24,1085.15
2016-07-22,1087.5
2016-07-21,1107.75
2016-07-20,1088.0
2016-07-19,1096.85
2016-07-18,1100.3
2016-07-17,1097.2
2016-07-15,1099.0
2016-07-14,1105.15
2016-07-13,1098.9
2016-07-12,1096.05
2016-07-11,1102.7
2016-07-10,1105.25
2016-07-08,1101.95
2016-07-07,1093.25
2016-07-06,1090.8
2016-07-05,1079.4
2016-07-04,1067.6
2016-07-03,1065.35
2016-07-01,1064.3
2016-06-30,1028.85
2016-06-29,1008.8
2016-06-28,983.4
2016-06-27,982.6
2016-06-26,989.65
2016-06-24,987.15
2016-06-23,973.0
2016-06-22,979.55
2016-06-21,978.65
2016-06-20,987.1
2016-06-19,973.3
2016-06-17,970.95
2016-06-16,979.2
2016-06-15,977.6
2016-06-14,975.45
2016-06-13,992.7
2016-06-12,995.7
2016-06-10,993.6
2016-06-09,1001.1
2016-06-08,1015.95
2016-06-07,1001.1
2016-06-06,996.85
2016-06-05,988.4
2016-06-03,988.05
2016-06-02,957.2
2016-06-01,974.7
2016-05-31,981.1
2016-05-30,974.25
2016-05-29,977.9
2016-05-27,978.3
2016-05-26,997.35
2016-05-25,995.5
2016-05-24,1000.45
2016-05-23,1015.1
2016-05-22,1024.4
2016-05-20,1024.0
2016-05-19,1018.0
2016-05-18,1032.3
2016-05-17,1056.6
2016-05-16,1054.6
2016-05-15,1053.65
2016-05-13,1054.25
2016-05-12,1050.65
2016-05-11,1068.95
2016-05-10,1053.85
2016-05-09,1045.9
2016-05-08,1078.85
2016-05-06,1082.0
2016-05-05,1065.7
2016-05-04,1063.05
2016-05-03,1067.8
2016-05-02,1080.05
2016-05-01,1079.75
2016-04-29,1080.0
2016-04-28,1054.6
2016-04-27,1026.35
2016-04-26,1017.7
2016-04-25,1016.95
2016-04-24,1007.85
2016-04-22,1011.7
2016-04-21,1025.25
2016-04-20,1019.9
2016-04-19,1012.95
2016-04-18,977.2
2016-04-17,986.5
2016-04-15,986.25
2016-04-14,991.0
2016-04-13,998.7
2016-04-12,1000.7
2016-04-11,989.45
2016-04-10,969.55
2016-04-08,968.75
2016-04-07,958.1
2016-04-06,948.4
2016-04-05,953.8
2016-04-04,940.2
2016-04-03,960.35
2016-04-01,959.1
2016-03-31,976.3
2016-03-30,967.15
2016-03-29,969.9
2016-03-28,948.85
2016-03-27,945.05
2016-03-24,948.45
2016-03-23,961.9
2016-03-22,996.45
2016-03-21,980.3
2016-03-20,971.55
2016-03-18,973.65
2016-03-17,987.6
2016-03-16,978.9
2016-03-15,959.55
2016-03-14,961.6
2016-03-13,967.05
2016-03-11,964.85
2016-03-10,982.15
2016-03-09,980.55
2016-03-08,984.15
2016-03-07,998.8
2016-03-06,984.8
2016-03-04,981.05
2016-03-03,947.35
2016-03-02,937.4
2016-03-01,937.5
2016-02-29,934.05
2016-02-28,914.35
2016-02-26,915.15
2016-02-25,927.4
2016-02-24,937.75
2016-02-23,945.2
2016-02-22,930.2
2016-02-21,941.6
2016-02-19,940.45
2016-02-18,948.2
2016-02-17,944.3
2016-02-16,935.8
2016-02-15,937.8
2016-02-14,953.8
2016-02-12,958.15
2016-02-11,956.65
2016-02-10,937.35
2016-02-09,934.65
2016-02-08,929.35
2016-02-07,910.75
2016-02-05,913.7
2016-02-04,908.85
2016-02-03,881.25
2016-02-02,856.5
2016-02-01,872.5
2016-01-31,873.05
2016-01-29,871.85
2016-01-28,869.0
2016-01-27,882.1
2016-01-26,875.6
2016-01-25,859.3
2016-01-24,833.2
2016-01-22,831.75
2016-01-21,820.0
2016-01-20,823.8
2016-01-19,827.8
2016-01-18,820.85
2016-01-17,823.5
2016-01-15,830.95
2016-01-14,836.05
2016-01-13,848.5
2016-01-12,833.2
2016-01-11,849.0
2016-01-10,876.9
2016-01-08,880.0
2016-01-07,875.55
2016-01-06,879.55
2016-01-05,890.3
2016-01-04,881.65
2016-01-03,892.1
2015-12-31,892.5
2015-12-30,872.05
2015-12-29,890.8
2015-12-28,882.1
2015-12-27,891.5
2015-12-24,884.45
2015-12-23,872.15
2015-12-22,873.5
2015-12-21,873.25
2015-12-20,858.05
2015-12-18,859.65
2015-12-17,848.2
2015-12-16,872.25
2015-12-15,855.8
2015-12-14,847.9
2015-12-13,842.55
2015-12-11,841.25
2015-12-10,854.3
2015-12-09,856.65
2015-12-08,851.35
2015-12-07,858.65
2015-12-06,877.45
2015-12-04,880.2
2015-12-03,849.95
2015-12-02,834.2
2015-12-01,841.6
2015-11-30,832.2
2015-11-29,833.75
2015-11-27,836.45
2015-11-26,854.75
2015-11-25,846.2
2015-11-24,842.75
2015-11-23,849.4
2015-11-22,857.0
2015-11-20,855.4
2015-11-19,858.25
2015-11-18,852.5
2015-11-17,854.75
2015-11-16,867.85
2015-11-15,863.75
2015-11-13,861.7
2015-11-12,881.95
2015-11-11,884.05
2015-11-10,903.15
2015-11-09,917.55
2015-11-08,940.95
2015-11-06,942.35
2015-11-05,952.9
2015-11-04,958.1
2015-11-03,965.85
2015-11-02,977.15
2015-11-01,985.85
2015-10-30,987.35
2015-10-29,992.65
2015-10-28,1000.65
2015-10-27,986.65
2015-10-26,997.55
2015-10-25,1003.4
2015-10-23,1002.6
2015-10-22,1011.25
2015-10-21,1004.4
2015-10-20,1020.7
2015-10-19,1013.95
2015-10-18,1017.6
2015-10-16,1015.55
2015-10-15,1006.3
2015-10-14,1000.3
2015-10-13,989.1
2015-10-12,989.55
2015-10-11,978.55
2015-10-09,983.4
2015-10-08,952.2
2015-10-07,947.25
2015-10-06,937.45
2015-10-05,917.1
2015-10-04,915.25
2015-10-02,910.75
2015-10-01,907.2
2015-09-30,907.75
2015-09-29,915.65
2015-09-28,917.2
2015-09-27,949.3
2015-09-25,948.25
2015-09-24,948.95
2015-09-23,945.95
2015-09-22,936.3
2015-09-21,971.75
2015-09-20,981.65
2015-09-18,982.45
2015-09-17,978.2
2015-09-16,973.25
2015-09-15,962.45
2015-09-14,957.35
2015-09-13,968.7
2015-09-11,970.95
2015-09-10,982.8
2015-09-09,983.7
2015-09-08,1005.65
2015-09-07,990.15
2015-09-06,990.7
2015-09-04,991.1
2015-09-03,1009.9
2015-09-02,1014.5
2015-09-01,1007.0
2015-08-31,1007.35
2015-08-30,1012.55
2015-08-28,1018.6
2015-08-27,1009.1
2015-08-26,984.9
2015-08-25,982.4
2015-08-24,973.35
2015-08-23,1023.95
2015-08-21,1019.8
2015-08-20,1032.9
2015-08-19,1012.5
2015-08-18,994.95
2015-08-17,998.8
2015-08-16,993.45
2015-08-14,992.75
2015-08-13,991.15
2015-08-12,1000.65
2015-08-11,987.8
2015-08-10,986.6
2015-08-09,957.75
2015-08-07,963.1
2015-08-06,952.8
2015-08-05,950.05
2015-08-04,951.1
2015-08-03,956.35
2015-08-02,985.05
2015-07-31,984.15
2015-07-30,991.8
2015-07-29,988.45
2015-07-28,984.4
2015-07-27,982.95
2015-07-26,988.45
2015-07-24,988.15
2015-07-23,981.8
2015-07-22,984.75
2015-07-21,974.85
2015-07-20,973.4
2015-07-19,996.25
2015-07-17,994.05
2015-07-16,1009.75
2015-07-15,1021.2
2015-07-14,1028.2
2015-07-13,1034.15
2015-07-12,1032.05
2015-07-10,1033.15
2015-07-09,1022.65
2015-07-08,1025.6
2015-07-07,1032.45
2015-07-06,1064.4
2015-07-05,1080.85
2015-07-03,1084.05
2015-07-02,1084.55
2015-07-01,1083.55
2015-06-30,1079.35
2015-06-29,1082.55
2015-06-28,1081.45
2015-06-26,1084.1
2015-06-25,1084.0
2015-06-24,1075.35
2015-06-23,1069.0
2015-06-22,1063.3
2015-06-21,1082.75
2015-06-19,1084.7
2015-06-18,1084.45
2015-06-17,1082.05
2015-06-16,1080.45
2015-06-15,1088.45
2015-06-14,1097.65
2015-06-12,1095.0
2015-06-11,1107.65
2015-06-10,1114.55
2015-06-09,1109.1
2015-06-08,1102.75
2015-06-07,1094.25
2015-06-05,1096.1
2015-06-04,1101.0
2015-06-03,1105.05
2015-06-02,1113.35
2015-06-01,1104.35
2015-05-31,1111.55
2015-05-29,1112.4
2015-05-28,1118.15
2015-05-27,1119.75
2015-05-26,1126.5
2015-05-25,1149.05
2015-05-24,1145.15
2015-05-22,1146.95
2015-05-21,1154.75
2015-05-20,1156.1
2015-05-19,1153.8
2015-05-18,1174.3
2015-05-17,1167.45
2015-05-15,1168.7
2015-05-14,1159.4
2015-05-13,1147.5
2015-05-12,1133.05
2015-05-11,1126.1
2015-05-10,1142.05
2015-05-08,1141.75
2015-05-07,1132.55
2015-05-06,1143.85
2015-05-05,1148.4
2015-05-04,1148.3
2015-05-03,1129.2
2015-05-01,1131.4
2015-04-30,1142.35
2015-04-29,1153.45
2015-04-28,1155.8
2015-04-27,1142.75
2015-04-26,1124.0
2015-04-24,1123.85
2015-04-23,1136.35
2015-04-22,1132.55
2015-04-21,1149.6
2015-04-20,1150.2
2015-04-19,1173.25
2015-04-17,1171.9
2015-04-16,1161.95
2015-04-15,1164.25
2015-04-14,1153.25
2015-04-13,1155.15
2015-04-12,1174.5
2015-04-10,1173.6
2015-04-09,1156.55
2015-04-08,1164.3
2015-04-07,1170.05
2015-04-06,1174.9
2015-04-05,1174.85
2015-04-02,1155.5
2015-04-01,1161.2
2015-03-31,1139.55
2015-03-30,1119.9
2015-03-29,1138.65
2015-03-27,1138.95
2015-03-26,1153.0
2015-03-25,1143.2
2015-03-24,1138.85
2015-03-23,1146.5
2015-03-22,1140.55
2015-03-20,1137.65
2015-03-19,1123.6
2015-03-18,1125.05
2015-03-17,1094.45
2015-03-16,1108.15
2015-03-15,1116.65
2015-03-13,1117.05
2015-03-12,1117.55
2015-03-11,1121.4
2015-03-10,1130.55
2015-03-09,1147.5
2015-03-08,1158.6
2015-03-06,1160.6
2015-03-05,1181.55
2015-03-04,1183.7
2015-03-03,1186.45
2015-03-02,1187.4
2015-03-01,1184.85
2015-02-27,1188.7
2015-02-26,1177.85
2015-02-25,1174.15
2015-02-24,1168.8
2015-02-23,1165.0
2015-02-22,1165.25
2015-02-20,1164.45
2015-02-19,1172.3
2015-02-18,1173.35
2015-02-17,1181.75
2015-02-16,1208.4
2015-02-15,1210.05
2015-02-13,1208.15
2015-02-12,1201.1
2015-02-11,1198.4
2015-02-10,1207.75
2015-02-09,1219.4
2015-02-08,1228.6
2015-02-06,1223.85
2015-02-05,1251.55
2015-02-04,1244.6
2015-02-03,1234.65
2015-02-02,1230.3
2015-02-01,1237.75
2015-01-30,1240.9
2015-01-29,1227.25
2015-01-28,1256.8
2015-01-27,1265.85
2015-01-26,1253.45
2015-01-25,1275.05
2015-01-23,1269.1
2015-01-22,1282.75
2015-01-21,1272.6
2015-01-20,1278.55
2015-01-19,1263.4
2015-01-18,1265.3
2015-01-16,1268.65
2015-01-15,1259.9
2015-01-14,1235.2
2015-01-13,1244.5
2015-01-12,1239.25
2015-01-11,1234.4
2015-01-09,1233.75
2015-01-08,1220.3
2015-01-07,1220.65
2015-01-06,1219.65
2015-01-05,1212.95
2015-01-04,1202.0
2015-01-02,1203.2
2015-01-01,1213.4
2014-12-31,1209.15
2014-12-30,1217.9
2014-12-29,1203.6
2014-12-28,1214.6
2014-12-26,1216.15
2014-12-25,1192.9
2014-12-24,1190.15
2014-12-23,1192.85
2014-12-22,1179.9
2014-12-21,1197.0
2014-12-19,1196.8
2014-12-18,1199.1
2014-12-17,1195.15
2014-12-16,1202.7
2014-12-15,1212.95
2014-12-14,1229.6
2014-12-12,1230.0
2014-12-11,1241.35
2014-12-10,1246.5
2014-12-09,1248.1
2014-12-08,1232.5
2014-12-07,1222.55
2014-12-05,1224.0
2014-12-04,1235.85
2014-12-03,1224.5
2014-12-02,1217.8
2014-12-01,1226.9
2014-11-30,1189.85
2014-11-28,1200.7
2014-11-27,1216.0
2014-11-26,1229.0
2014-11-25,1222.95
2014-11-24,1207.85
2014-11-23,1223.4
2014-11-21,1227.1
2014-11-20,1206.7
2014-11-19,1189.45
2014-11-18,1203.5
2014-11-17,1201.9
2014-11-16,1200.4
2014-11-14,1213.7
2014-11-13,1196.3
2014-11-12,1199.65
2014-11-11,1201.2
2014-11-10,1202.45
2014-11-09,1209.1
2014-11-07,1217.95
2014-11-06,1196.55
2014-11-05,1208.6
2014-11-04,1225.5
2014-11-03,1230.75
2014-11-02,1234.1
2014-10-31,1237.05
2014-10-30,1246.9
2014-10-29,1258.25
2014-10-28,1267.25
2014-10-27,1258.35
2014-10-26,1250.95
2014-10-24,1250.9
2014-10-23,1260.8
2014-10-22,1266.1
2014-10-21,1282.1
2014-10-20,1267.25
2014-10-19,1259.7
2014-10-17,1262.35
2014-10-16,1255.85
2014-10-15,1261.85
2014-10-14,1265.7
2014-10-13,1268.55
2014-10-12,1269.9
2014-10-10,1263.1
2014-10-09,1265.7
2014-10-08,1276.55
2014-10-07,1266.5
2014-10-06,1246.45
2014-10-05,1203.9
2014-10-03,1225.7
2014-10-02,1264.4
2014-10-01,1282.95
2014-09-30,1293.3
2014-09-29,1304.5
2014-09-28,1301.25
2014-09-26,1300.9
2014-09-25,1315.05
2014-09-24,1316.4
2014-09-23,1333.55
2014-09-22,1328.65
2014-09-21,1333.5
2014-09-19,1336.05
2014-09-18,1348.2
2014-09-17,1349.7
2014-09-16,1366.45
2014-09-15,1364.15
2014-09-14,1367.2
2014-09-12,1371.85
2014-09-11,1371.75
2014-09-10,1382.3
2014-09-09,1390.35
2014-09-08,1399.65
2014-09-07,1410.85
2014-09-05,1410.75
2014-09-04,1403.7
2014-09-03,1412.9
2014-09-02,1412.75
2014-09-01,1423.95
2014-08-31,1424.6
2014-08-29,1424.5
2014-08-28,1425.05
2014-08-27,1420.45
2014-08-26,1417.9
2014-08-25,1418.1
2014-08-22,1421.85
2014-08-21,1422.65
2014-08-20,1428.9
2014-08-19,1440.25
2014-08-18,1447.7
2014-08-17,1457.6
2014-08-15,1457.75
2014-08-14,1468.55
2014-08-13,1470.35
2014-08-12,1470.75
2014-08-11,1472.85
2014-08-10,1476.25
2014-08-08,1477.45
2014-08-07,1478.3
2014-08-06,1467.3
2014-08-05,1459.85
2014-08-04,1466.65
2014-08-03,1465.75
2014-08-01,1465.75
2014-07-31,1464.9
2014-07-30,1481.9
2014-07-29,1484.65
2014-07-28,1491.25
2014-07-27,1480.5
2014-07-25,1481.2
2014-07-24,1473.1
2014-07-23,1484.6
2014-07-22,1489.4
2014-07-21,1490.8
2014-07-20,1493.6
2014-07-18,1492.7
2014-07-17,1505.45
2014-07-16,1487.95
2014-07-15,1488.05
2014-07-14,1499.55
2014-07-13,1515.75
2014-07-11,1515.65
2014-07-10,1516.2
2014-07-09,1510.0
2014-07-08,1502.3
2014-07-07,1498.2
2014-07-06,1504.6
2014-07-04,1503.3
2014-07-03,1500.05
2014-07-02,1507.7
2014-07-01,1505.15
2014-06-30,1486.9
2014-06-29,1478.35
2014-06-27,1480.4
2014-06-26,1470.85
2014-06-25,1469.8
2014-06-24,1471.55
2014-06-23,1454.1
2014-06-22,1457.15
2014-06-20,1458.4
2014-06-19,1469.05
2014-06-18,1454.5
2014-06-17,1440.0
2014-06-16,1438.85
2014-06-15,1444.15
2014-06-13,1435.25
2014-06-12,1454.05
2014-06-11,1478.95
2014-06-10,1475.75
2014-06-09,1453.0
2014-06-08,1453.75
2014-06-06,1454.25
2014-06-05,1443.05
2014-06-04,1439.5
2014-06-03,1431.35
2014-06-02,1436.45
2014-06-01,1452.2
2014-05-30,1453.55
2014-05-29,1462.45
2014-05-28,1458.95
2014-05-27,1465.85
2014-05-26,1479.7
2014-05-25,1479.6
2014-05-23,1475.1
2014-05-22,1489.25
2014-05-21,1474.7
2014-05-20,1470.75
2014-05-19,1473.25
2014-05-18,1468.95
2014-05-16,1466.4
2014-05-15,1471.85
2014-05-14,1480.8
2014-05-13,1453.4
2014-05-12,1438.1
2014-05-11,1426.2
2014-05-09,1431.15
2014-05-08,1438.4
2014-05-07,1439.05
2014-05-06,1454.05
2014-05-05,1451.9
2014-05-04,1441.7
2014-05-02,1439.55
2014-05-01,1425.25
2014-04-30,1426.95
2014-04-29,1429.5
2014-04-28,1419.35
2014-04-27,1430.35
2014-04-25,1424.15
2014-04-24,1413.1
2014-04-23,1406.45
2014-04-22,1403.8
2014-04-21,1405.05
2014-04-20,1413.65
2014-04-17,1415.15
2014-04-16,1440.5
2014-04-15,1442.3
2014-04-14,1466.85
2014-04-13,1467.05
2014-04-11,1458.95
2014-04-10,1454.8
2014-04-09,1443.9
2014-04-08,1441.75
2014-04-07,1429.25
2014-04-06,1449.9
2014-04-04,1449.05
2014-04-03,1440.0
2014-04-02,1437.85
2014-04-01,1425.55
2014-03-31,1417.45
2014-03-30,1414.55
2014-03-28,1411.15
2014-03-27,1403.8
2014-03-26,1415.2
2014-03-25,1423.35
2014-03-24,1434.8
2014-03-23,1441.3
2014-03-21,1436.3
2014-03-20,1436.6
2014-03-19,1449.8
2014-03-18,1459.4
2014-03-17,1469.15
2014-03-16,1473.4
2014-03-14,1470.6
2014-03-13,1479.15
2014-03-12,1476.1
2014-03-11,1467.7
2014-03-10,1478.75
2014-03-09,1478.65
2014-03-07,1483.55
2014-03-06,1484.3
2014-03-05,1474.8
2014-03-04,1458.55
2014-03-03,1458.55
2014-03-02,1452.45
2014-02-28,1445.9
2014-02-27,1451.85
2014-02-26,1429.5
2014-02-25,1439.55
2014-02-24,1435.05
2014-02-23,1427.35
2014-02-21,1428.8
2014-02-20,1416.8
2014-02-19,1415.2
2014-02-18,1422.5
2014-02-17,1431.2
2014-02-16,1431.3
2014-02-14,1427.9
2014-02-13,1414.45
2014-02-12,1404.95
2014-02-11,1387.35
2014-02-10,1386.0
2014-02-09,1384.15
2014-02-07,1384.3
2014-02-06,1376.75
2014-02-05,1383.45
2014-02-04,1375.65
2014-02-03,1387.1
2014-02-02,1376.5
2014-01-31,1377.9
2014-01-30,1385.3
2014-01-29,1416.1
2014-01-28,1411.3
2014-01-27,1418.3
2014-01-26,1439.65
2014-01-24,1430.15
2014-01-23,1460.65
2014-01-22,1459.9
2014-01-21,1455.55
2014-01-20,1465.8
2014-01-19,1458.8
2014-01-17,1454.85
2014-01-16,1432.2
2014-01-15,1430.2
2014-01-14,1429.65
2014-01-13,1446.55
2014-01-12,1438.55
2014-01-10,1437.35
2014-01-09,1418.9
2014-01-08,1416.65
2014-01-07,1413.65
2014-01-06,1415.6
2014-01-05,1407.3
2014-01-03,1412.45
2014-01-02,1402.3
2014-01-01,1377.05
2013-12-31,1371.0
2013-12-30,1362.85
2013-12-29,1377.25
2013-12-27,1375.2
2013-12-26,1355.85
2013-12-24,1331.95
2013-12-23,1325.55
2013-12-22,1333.95
2013-12-20,1331.75
2013-12-19,1316.65
2013-12-18,1332.35
2013-12-17,1351.6
2013-12-16,1361.4
2013-12-15,1361.55
2013-12-13,1362.5
2013-12-12,1364.15
2013-12-11,1383.6
2013-12-10,1387.85
2013-12-09,1369.5
2013-12-08,1355.75
2013-12-06,1356.15
2013-12-05,1361.1
2013-12-04,1364.5
2013-12-03,1358.8
2013-12-02,1347.0
2013-12-01,1365.6
2013-11-29,1362.8
2013-11-28,1358.4
2013-11-27,1354.7
2013-11-26,1376.95
2013-11-25,1390.95
2013-11-24,1381.95
2013-11-22,1384.6
2013-11-21,1390.95
2013-11-20,1394.7
2013-11-19,1418.1
2013-11-18,1412.8
2013-11-17,1441.05
2013-11-15,1441.1
2013-11-14,1448.7
2013-11-13,1439.6
2013-11-12,1432.15
2013-11-11,1433.9
2013-11-10,1442.2
2013-11-08,1445.4
2013-11-07,1456.8
2013-11-06,1465.0
2013-11-05,1452.55
2013-11-04,1455.3
2013-11-03,1454.5
2013-11-01,1455.2
2013-10-31,1452.0
2013-10-30,1465.0
2013-10-29,1459.45
2013-10-28,1468.7
2013-10-27,1452.7
2013-10-25,1454.1
2013-10-24,1449.7
2013-10-23,1436.85
2013-10-22,1450.7
2013-10-21,1435.9
2013-10-20,1438.75
2013-10-18,1439.0
2013-10-17,1431.55
2013-10-16,1402.05
2013-10-15,1380.1
2013-10-14,1379.5
2013-10-13,1371.25
2013-10-11,1373.1
2013-10-10,1386.0
2013-10-09,1387.8
2013-10-08,1402.9
2013-10-07,1399.7
2013-10-06,1392.3
2013-10-04,1390.05
2013-10-03,1377.65
2013-10-02,1392.9
2013-10-01,1386.25
2013-09-30,1405.05
2013-09-29,1420.7
2013-09-27,1422.75
2013-09-26,1415.05
2013-09-25,1429.95
2013-09-24,1428.2
2013-09-23,1427.25
2013-09-22,1432.8
2013-09-20,1431.15
2013-09-19,1461.7
2013-09-18,1469.75
2013-09-17,1424.0
2013-09-16,1438.0
2013-09-15,1456.2
2013-09-13,1453.75
2013-09-12,1445.2
2013-09-11,1474.6
2013-09-10,1476.2
2013-09-09,1486.8
2013-09-08,1497.4
2013-09-06,1495.5
2013-09-05,1485.15
2013-09-04,1499.15
2013-09-03,1536.3
2013-09-02,1525.0
2013-09-01,1517.05
2013-08-30,1523.45
2013-08-29,1515.1
2013-08-28,1538.95
2013-08-27,1535.5
2013-08-26,1551.85
2013-08-25,1548.8
2013-08-23,1540.9
2013-08-22,1541.45
2013-08-21,1508.5
2013-08-20,1520.9
2013-08-19,1512.0
2013-08-18,1528.6
2013-08-16,1527.1
2013-08-15,1528.75
2013-08-14,1512.25
2013-08-13,1493.85
2013-08-12,1494.9
2013-08-11,1508.3
2013-08-09,1503.2
2013-08-08,1491.05
2013-08-07,1435.65
2013-08-06,1427.7
2013-08-05,1450.9
2013-08-04,1444.85
2013-08-02,1449.3
2013-08-01,1438.9
2013-07-31,1442.95
2013-07-30,1438.4
2013-07-29,1438.8
2013-07-28,1431.2
2013-07-26,1430.95
2013-07-25,1450.45
2013-07-24,1443.55
2013-07-23,1447.75
2013-07-22,1448.6
2013-07-21,1442.1
2013-07-19,1430.45
2013-07-18,1416.0
2013-07-17,1411.15
2013-07-16,1424.6
2013-07-15,1419.45
2013-07-14,1415.0
2013-07-12,1408.0
2013-07-11,1411.9
2013-07-10,1397.35
2013-07-09,1368.3
2013-07-08,1356.0
2013-07-07,1328.05
2013-07-05,1327.8
2013-07-04,1343.95
2013-07-03,1353.8
2013-07-02,1371.35
2013-07-01,1372.4
2013-06-30,1347.0
2013-06-28,1343.4
2013-06-27,1316.6
2013-06-26,1311.55
2013-06-25,1349.75
2013-06-24,1339.25
2013-06-23,1380.5
2013-06-21,1375.0
2013-06-20,1336.7
2013-06-19,1408.85
2013-06-18,1440.15
2013-06-17,1434.65
2013-06-16,1447.45
2013-06-14,1445.15
2013-06-13,1461.7
2013-06-12,1478.45
2013-06-11,1480.2
2013-06-10,1505.05
2013-06-09,1500.05
2013-06-07,1500.15
2013-06-06,1525.95
2013-06-05,1509.95
2013-06-04,1490.15
2013-06-03,1492.9
2013-06-02,1462.3
2013-05-31,1456.75
2013-05-30,1481.1
2013-05-29,1457.3
2013-05-28,1455.75
2013-05-27,1455.3
2013-05-26,1453.55
2013-05-24,1453.45
2013-05-23,1460.3
2013-05-22,1462.85
2013-05-21,1461.75
2013-05-20,1482.5
2013-05-19,1437.5
2013-05-17,1454.5
2013-05-16,1484.55
2013-05-15,1489.2
2013-05-14,1506.5
2013-05-13,1487.65
2013-05-12,1491.45
2013-05-10,1493.8
2013-05-09,1503.8
2013-05-08,1501.45
2013-05-07,1484.4
2013-05-06,1500.75
2013-05-05,1502.1
2013-05-03,1500.1
2013-05-02,1505.5
2013-05-01,1478.15
2013-04-30,1506.6
2013-04-29,1509.2
2013-04-28,1482.85
2013-04-26,1478.4
2013-04-25,1473.5
2013-04-24,1432.25
2013-04-23,1419.85
2013-04-22,1433.95
2013-04-21,1431.35
2013-04-19,1427.85
2013-04-18,1428.95
2013-04-17,1425.0
2013-04-16,1446.85
2013-04-15,1396.25
2013-04-14,1484.6
2013-04-12,1486.45
2013-04-11,1535.45
2013-04-10,1524.4
2013-04-09,1546.95
2013-04-08,1538.9
2013-04-07,1540.85
2013-04-05,1539.3
2013-04-04,1521.45
2013-04-03,1531.75
2013-04-02,1577.75
2013-04-01,1596.55
2013-03-31,1575.35
2013-03-28,1574.65
2013-03-27,1583.7
2013-03-26,1577.6
2013-03-25,1590.25
2013-03-24,1589.65
2013-03-22,1583.25
2013-03-21,1577.65
2013-03-20,1577.2
2013-03-19,1560.55
2013-03-18,1581.5
2013-03-17,1589.8
2013-03-15,1590.95
2013-03-14,1592.25
2013-03-13,1589.0
2013-03-12,1594.25
2013-03-11,1605.15
2013-03-10,1600.75
2013-03-08,1604.8
2013-03-07,1603.95
2013-03-06,1591.25
2013-03-05,1593.5
2013-03-04,1571.95
2013-03-03,1578.35
2013-03-01,1573.5
2013-02-28,1585.25
2013-02-27,1604.3
2013-02-26,1622.25
2013-02-25,1612.5
2013-02-24,1607.3
2013-02-22,1609.9
2013-02-21,1624.75
2013-02-20,1648.8
2013-02-19,1692.6
2013-02-18,1699.15
2013-02-17,1689.2
2013-02-15,1680.65
2013-02-14,1714.15
2013-02-13,1722.9
2013-02-12,1722.45
2013-02-11,1696.3
2013-02-10,1713.85
2013-02-08,1716.75
2013-02-07,1718.35
2013-02-06,1737.6
2013-02-05,1714.15
2013-02-04,1699.85
2013-02-03,1688.0
2013-02-01,1684.7
2013-01-31,1677.1
2013-01-30,1688.85
2013-01-29,1682.3
2013-01-28,1668.65
2013-01-27,1693.3
2013-01-25,1696.15
2013-01-24,1681.1
2013-01-23,1688.4
2013-01-22,1700.55
2013-01-21,1683.6
2013-01-20,1679.1
2013-01-18,1670.45
2013-01-17,1687.6
2013-01-16,1690.65
2013-01-15,1685.5
2013-01-14,1656.75
2013-01-13,1634.8
2013-01-11,1632.4
2013-01-10,1634.95
2013-01-09,1594.95
2013-01-08,1582.35
2013-01-07,1561.1
2013-01-06,1564.05
2013-01-04,1560.8
2013-01-03,1555.15
2013-01-02,1571.5
2013-01-01,1540.7
2012-12-31,1543.0
2012-12-30,1527.1
2012-12-28,1524.7
2012-12-27,1537.6
2012-12-26,1544.15
2012-12-24,1538.75
2012-12-23,1543.95
2012-12-21,1539.3
2012-12-20,1555.5
2012-12-19,1588.45
2012-12-18,1598.4
2012-12-17,1608.25
2012-12-16,1615.05
2012-12-14,1618.2
2012-12-13,1614.35
2012-12-12,1628.3
2012-12-11,1632.9
2012-12-10,1622.85
2012-12-09,1608.8
2012-12-07,1607.85
2012-12-06,1596.7
2012-12-05,1581.85
2012-12-04,1583.5
2012-12-03,1608.1
2012-12-02,1603.8
2012-11-30,1603.8
2012-11-29,1614.15
2012-11-28,1612.3
2012-11-27,1612.4
2012-11-26,1615.6
2012-11-25,1617.0
2012-11-23,1622.6
2012-11-22,1583.1
2012-11-21,1580.35
2012-11-20,1580.85
2012-11-19,1577.7
2012-11-18,1565.3
2012-11-16,1560.25
2012-11-15,1572.35
2012-11-14,1586.45
2012-11-13,1585.85
2012-11-12,1563.8
2012-11-11,1562.1
2012-11-09,1554.95
2012-11-08,1547.5
2012-11-07,1546.6
2012-11-06,1556.45
2012-11-05,1549.2
2012-11-04,1551.6
2012-11-02,1545.5
2012-11-01,1570.15
2012-10-31,1570.3
2012-10-30,1557.6
2012-10-29,1540.65
2012-10-28,1553.2
2012-10-26,1547.15
2012-10-25,1571.85
2012-10-24,1568.85
2012-10-23,1581.8
2012-10-22,1615.15
2012-10-21,1617.05
2012-10-19,1621.75
2012-10-18,1647.35
2012-10-17,1667.5
2012-10-16,1654.15
2012-10-15,1642.6
2012-10-14,1639.5
2012-10-12,1655.35
2012-10-11,1686.15
2012-10-10,1671.05
2012-10-09,1688.55
2012-10-08,1696.15
2012-10-07,1697.25
2012-10-05,1711.25
2012-10-04,1726.7
2012-10-03,1691.15
2012-10-02,1679.7
2012-10-01,1677.5
2012-09-30,1656.45
2012-09-28,1667.25
2012-09-27,1657.65
2012-09-26,1641.0
2012-09-25,1632.85
2012-09-24,1626.5
2012-09-23,1634.4
2012-09-21,1635.8
2012-09-20,1628.9
2012-09-19,1641.5
2012-09-18,1621.6
2012-09-17,1665.3
2012-09-16,1708.4
2012-09-14,1709.0
2012-09-13,1692.85
2012-09-12,1643.45
2012-09-11,1606.0
2012-09-10,1592.35
2012-09-09,1597.45
2012-09-07,1591.75
2012-09-06,1581.1
2012-09-05,1567.8
2012-09-04,1566.9
2012-09-03,1553.0
2012-09-02,1541.65
2012-08-31,1540.15
2012-08-30,1507.65
2012-08-29,1517.35
2012-08-28,1518.2
2012-08-27,1545.3
2012-08-26,1549.75
2012-08-24,1550.45
2012-08-23,1542.25
2012-08-22,1539.1
2012-08-21,1508.9
2012-08-20,1489.65
2012-08-19,1477.2
2012-08-17,1474.75
2012-08-16,1436.65
2012-08-15,1396.2
2012-08-14,1396.85
2012-08-13,1388.85
2012-08-12,1400.75
2012-08-10,1400.95
2012-08-09,1413.2
2012-08-08,1409.25
2012-08-07,1409.4
2012-08-06,1401.3
2012-08-05,1407.1
2012-08-03,1406.05
2012-08-02,1388.7
2012-08-01,1402.2
2012-07-31,1410.5
2012-07-30,1416.05
2012-07-29,1410.8
2012-07-27,1411.45
2012-07-26,1405.3
2012-07-25,1399.15
2012-07-24,1387.95
2012-07-23,1399.4
2012-07-22,1408.55
2012-07-20,1415.35
2012-07-19,1420.45
2012-07-18,1408.9
2012-07-17,1420.8
2012-07-16,1422.6
2012-07-15,1438.3
2012-07-13,1432.5
2012-07-12,1419.0
2012-07-11,1427.6
2012-07-10,1428.35
2012-07-09,1446.6
2012-07-08,1441.5
2012-07-06,1445.85
2012-07-05,1477.6
2012-07-04,1483.9
2012-07-03,1487.2
2012-07-02,1450.75
2012-07-01,1448.2
2012-06-29,1449.35
2012-06-28,1391.1
2012-06-27,1416.6
2012-06-26,1431.65
2012-06-25,1444.9
2012-06-24,1438.2
2012-06-22,1435.8
2012-06-21,1435.9
2012-06-20,1457.8
2012-06-19,1484.8
2012-06-18,1487.6
2012-06-17,1492.25
2012-06-15,1482.6
2012-06-14,1491.65
2012-06-13,1459.3
2012-06-12,1451.7
2012-06-11,1437.8
2012-06-10,1447.25
2012-06-08,1433.75
2012-06-07,1445.0
2012-06-06,1464.3
2012-06-05,1440.1
2012-06-04,1432.55
2012-06-03,1440.55
2012-06-01,1444.05
2012-05-31,1406.75
2012-05-30,1407.3
2012-05-29,1428.6
2012-05-28,1437.6
2012-05-27,1431.2
2012-05-25,1431.5
2012-05-24,1421.15
2012-05-23,1422.85
2012-05-22,1443.85
2012-05-21,1472.6
2012-05-20,1459.5
2012-05-18,1455.75
2012-05-17,1452.45
2012-05-16,1438.15
2012-05-15,1436.3
2012-05-14,1441.55
2012-05-13,1468.0
2012-05-11,1464.45
2012-05-10,1487.85
2012-05-09,1497.7
2012-05-08,1509.55
2012-05-07,1524.0
2012-05-06,1522.8
2012-05-04,1526.35
2012-05-03,1538.1
2012-05-02,1562.25
2012-05-01,1573.1
2012-04-30,1573.8
2012-04-29,1576.55
2012-04-27,1573.75
2012-04-26,1569.35
2012-04-25,1556.1
2012-04-24,1549.35
2012-04-23,1560.1
2012-04-22,1584.75
2012-04-20,1581.4
2012-04-19,1578.8
2012-04-18,1581.05
2012-04-17,1584.1
2012-04-16,1577.15
2012-04-15,1583.25
2012-04-13,1585.9
2012-04-12,1609.4
2012-04-11,1589.35
2012-04-10,1606.2
2012-04-09,1617.75
2012-04-08,1622.5
2012-04-05,1607.5
2012-04-04,1603.05
2012-04-03,1646.45
2012-04-02,1657.35
2012-04-01,1649.95
2012-03-30,1643.15
2012-03-29,1637.15
2012-03-28,1641.75
2012-03-27,1656.75
2012-03-26,1654.35
2012-03-25,1639.45
2012-03-23,1627.5
2012-03-22,1624.15
2012-03-21,1640.95
2012-03-20,1656.45
2012-03-19,1679.75
2012-03-18,1679.1
2012-03-16,1672.4
2012-03-15,1687.95
2012-03-14,1673.35
2012-03-13,1692.9
2012-03-12,1696.95
2012-03-11,1690.15
2012-03-09,1686.15
2012-03-08,1664.4
2012-03-07,1634.3
2012-03-06,1619.15
2012-03-05,1667.7
2012-03-04,1699.1
2012-03-02,1700.6
2012-03-01,1705.7
2012-02-29,1678.35
2012-02-28,1724.2
2012-02-27,1704.6
2012-02-26,1717.55
2012-02-24,1714.0
2012-02-23,1724.65
2012-02-22,1725.25
2012-02-21,1690.85
2012-02-20,1647.5
2012-02-19,1648.2
2012-02-17,1635.6
2012-02-16,1630.65
2012-02-15,1635.0
2012-02-14,1634.25
2012-02-13,1649.05
2012-02-12,1666.95
2012-02-10,1661.75
2012-02-09,1660.0
2012-02-08,1665.55
2012-02-07,1649.25
2012-02-06,1623.95
2012-02-05,1625.55
2012-02-03,1625.35
2012-02-02,1630.3
2012-02-01,1620.95
2012-01-31,1593.75
2012-01-30,1612.8
2012-01-29,1624.8
2012-01-27,1624.6
2012-01-26,1609.8
2012-01-25,1583.65
2012-01-24,1550.75
2012-01-23,1568.65
2012-01-22,1529.6
2012-01-20,1537.9
2012-01-19,1524.75
2012-01-18,1527.95
2012-01-17,1528.4
2012-01-16,1501.75
2012-01-15,1487.35
2012-01-13,1493.45
2012-01-12,1498.95
2012-01-11,1499.55
2012-01-10,1467.1
2012-01-09,1426.15
2012-01-08,1398.1
2012-01-06,1406.55
2012-01-05,1421.25
2012-01-04,1426.05
2012-01-03,1436.2
2012-01-02,1408.55
2011-12-30,1403.25
2011-12-29,1379.0
2011-12-28,1386.8
2011-12-27,1438.55
2011-12-26,1436.55
2011-12-25,1432.2
2011-12-23,1426.45
2011-12-22,1425.9
2011-12-21,1429.05
2011-12-20,1434.75
2011-12-19,1411.1
2011-12-18,1423.7
2011-12-16,1420.25
2011-12-15,1414.65
2011-12-14,1420.8
2011-12-13,1473.0
2011-12-12,1487.6
2011-12-11,1514.7
2011-12-09,1515.35
2011-12-08,1497.15
2011-12-07,1526.65
2011-12-06,1526.1
2011-12-05,1523.7
2011-12-04,1559.1
2011-12-02,1548.7
2011-12-01,1564.8
2011-11-30,1564.4
2011-11-29,1541.85
2011-11-28,1544.85
2011-11-27,1543.8
2011-11-25,1530.8
2011-11-24,1545.6
2011-11-23,1549.75
2011-11-22,1571.7
2011-11-21,1548.95
2011-11-20,1583.25
2011-11-18,1596.35
2011-11-17,1593.85
2011-11-16,1621.6
2011-11-15,1644.65
2011-11-14,1647.2
2011-11-13,1655.05
2011-11-11,1645.95
2011-11-10,1623.35
2011-11-09,1634.7
2011-11-08,1661.75
2011-11-07,1659.8
2011-11-06,1640.8
2011-11-04,1637.05
2011-11-03,1636.65
2011-11-02,1605.95
2011-11-01,1589.55
2011-10-31,1600.95
2011-10-30,1645.4
2011-10-28,1648.6
2011-10-27,1643.95
2011-10-26,1595.95
2011-10-25,1566.7
2011-10-24,1543.95
2011-10-23,1515.05
2011-10-21,1512.6
2011-10-20,1495.85
2011-10-19,1518.0
2011-10-18,1547.05
2011-10-17,1557.55
2011-10-16,1553.6
2011-10-14,1557.6
2011-10-13,1536.05
2011-10-12,1550.25
2011-10-11,1525.4
2011-10-10,1533.35
2011-10-09,1500.7
2011-10-07,1494.85
2011-10-06,1522.5
2011-10-05,1477.45
2011-10-04,1486.45
2011-10-03,1513.05
2011-10-02,1530.2
2011-09-30,1527.6
2011-09-29,1535.0
2011-09-28,1516.25
2011-09-27,1562.5
2011-09-26,1562.8
2011-09-25,1611.55
2011-09-23,1614.55
2011-09-22,1700.05
2011-09-21,1765.0
2011-09-20,1778.5
2011-09-19,1774.7
2011-09-18,1820.7
2011-09-16,1814.75
2011-09-15,1783.25
2011-09-14,1819.75
2011-09-13,1816.55
2011-09-12,1817.1
2011-09-11,1835.8
2011-09-09,1836.95
2011-09-08,1856.05
2011-09-07,1827.5
2011-09-06,1860.05
2011-09-05,1889.05
2011-09-04,1886.5
2011-09-02,1885.55
2011-09-01,1853.35
2011-08-31,1849.75
2011-08-30,1851.65
2011-08-29,1828.95
2011-08-28,1837.05
2011-08-26,1835.65
2011-08-25,1821.35
2011-08-24,1822.3
2011-08-23,1868.35
2011-08-22,1917.4
2011-08-21,1891.3
2011-08-19,1879.65
2011-08-18,1844.35
2011-08-17,1843.3
2011-08-16,1821.1
2011-08-15,1816.7
2011-08-14,1796.45
2011-08-12,1800.0
2011-08-11,1793.0
2011-08-10,1777.3
2011-08-09,1756.5
2011-08-08,1715.55
2011-08-07,1718.3
2011-08-05,1719.7
2011-08-04,1722.0
2011-08-03,1785.2
2011-08-02,1799.25
2011-08-01,1794.5
2011-07-31,1785.15
2011-07-29,1783.05
2011-07-28,1790.45
2011-07-27,1796.35
2011-07-26,1810.05
2011-07-25,1793.8
2011-07-24,1800.5
2011-07-22,1797.65
2011-07-21,1787.8
2011-07-20,1779.8
2011-07-19,1775.1
2011-07-18,1772.75
2011-07-17,1761.6
2011-07-15,1763.7
2011-07-14,1769.5
2011-07-13,1765.7
2011-07-12,1741.25
2011-07-11,1728.2
2011-07-10,1734.9
2011-07-08,1737.75
2011-07-07,1743.5
2011-07-06,1733.8
2011-07-05,1738.4
2011-07-04,1725.55
2011-07-03,1721.75
2011-07-01,1723.35
2011-06-30,1723.55
2011-06-29,1728.7
2011-06-28,1699.2
2011-06-27,1684.85
2011-06-26,1688.7
2011-06-24,1687.3
2011-06-23,1707.9
2011-06-22,1740.1
2011-06-21,1752.8
2011-06-20,1737.65
2011-06-19,1763.2
2011-06-17,1758.0
2011-06-16,1766.0
2011-06-15,1779.7
2011-06-14,1800.8
2011-06-13,1806.8
2011-06-12,1826.2
2011-06-10,1829.6
2011-06-09,1840.75
2011-06-08,1830.65
2011-06-07,1832.2
2011-06-06,1817.05
2011-06-05,1826.55
2011-06-03,1818.55
2011-06-02,1817.75
2011-06-01,1824.9
2011-05-31,1827.25
2011-05-30,1804.5
2011-05-29,1803.35
2011-05-27,1803.15
2011-05-26,1779.75
2011-05-25,1782.3
2011-05-24,1768.1
2011-05-23,1755.35
2011-05-22,1779.3
2011-05-20,1775.5
2011-05-19,1772.0
2011-05-18,1774.9
2011-05-17,1769.05
2011-05-16,1759.3
2011-05-15,1760.15
2011-05-13,1764.55
2011-05-12,1772.25
2011-05-11,1778.55
2011-05-10,1802.65
2011-05-09,1797.6
2011-05-08,1788.4
2011-05-06,1789.95
2011-05-05,1773.65
2011-05-04,1825.95
2011-05-03,1857.65
2011-05-02,1861.85
2011-05-01,1860.9
2011-04-29,1875.05
2011-04-28,1841.5
2011-04-27,1828.55
2011-04-26,1812.65
2011-04-25,1824.05
2011-04-24,1825.45
2011-04-22,1818.55
2011-04-21,1818.6
2011-04-20,1804.45
2011-04-19,1780.1
2011-04-18,1785.55
2011-04-17,1795.85
2011-04-15,1791.15
2011-04-14,1799.5
2011-04-13,1780.75
2011-04-12,1774.95
2011-04-11,1781.35
2011-04-10,1820.9
2011-04-08,1816.35
2011-04-07,1787.6
2011-04-06,1800.9
2011-04-05,1798.4
2011-04-04,1789.6
2011-04-03,1775.85
2011-04-01,1768.4
2011-03-31,1775.45
2011-03-30,1769.6
2011-03-29,1743.5
2011-03-28,1745.35
2011-03-27,1749.2
2011-03-25,1753.85
2011-03-24,1757.4
2011-03-23,1762.9
2011-03-22,1744.85
2011-03-21,1748.8
2011-03-20,1730.35
2011-03-18,1724.8
2011-03-17,1710.35
2011-03-16,1687.25
2011-03-15,1701.0
2011-03-14,1752.95
2011-03-13,1776.0
2011-03-11,1782.45
2011-03-10,1769.85
2011-03-09,1802.65
2011-03-08,1807.05
2011-03-07,1817.45
2011-03-06,1846.0
2011-03-04,1843.75
2011-03-03,1830.1
2011-03-02,1848.85
2011-03-01,1837.25
2011-02-28,1811.85
2011-02-27,1810.95
2011-02-25,1807.95
2011-02-24,1786.4
2011-02-23,1791.7
2011-02-22,1802.25
2011-02-21,1855.3
2011-02-20,1844.7
2011-02-18,1836.95
2011-02-17,1848.45
2011-02-16,1835.2
2011-02-15,1835.25
2011-02-14,1833.0
2011-02-13,1810.5
2011-02-11,1806.0
2011-02-10,1832.0
2011-02-09,1861.95
2011-02-08,1853.1
2011-02-07,1842.4
2011-02-06,1842.9
2011-02-04,1845.3
2011-02-03,1839.6
2011-02-02,1836.2
2011-02-01,1827.5
2011-01-31,1796.15
2011-01-30,1799.9
2011-01-28,1798.0
2011-01-27,1791.8
2011-01-26,1813.3
2011-01-25,1784.3
2011-01-24,1818.95
2011-01-23,1827.35
2011-01-21,1828.75
2011-01-20,1814.5
2011-01-19,1836.0
2011-01-18,1826.45
2011-01-17,1809.3
2011-01-16,1818.15
2011-01-14,1814.8
2011-01-13,1806.9
2011-01-12,1798.4
2011-01-11,1764.85
2011-01-10,1740.95
2011-01-09,1746.05
2011-01-07,1736.25
2011-01-06,1730.9
2011-01-05,1727.0
2011-01-04,1758.05
2011-01-03,1774.1
2011-01-02,1780.35
2010-12-31,1774.8
2010-12-30,1752.95
2010-12-29,1765.1
2010-12-28,1756.0
2010-12-27,1742.2
2010-12-24,1723.75
2010-12-23,1721.25
2010-12-22,1731.55
2010-12-21,1726.95
2010-12-20,1715.45
2010-12-19,1710.25
2010-12-17,1702.45
2010-12-16,1701.6
2010-12-15,1702.2
2010-12-14,1704.85
2010-12-13,1697.45
2010-12-12,1677.4
2010-12-10,1681.15
2010-12-09,1681.05
2010-12-08,1680.1
2010-12-07,1691.75
2010-12-06,1724.45
2010-12-05,1728.75
2010-12-03,1730.1
2010-12-02,1712.25
2010-12-01,1684.0
2010-11-30,1659.7
2010-11-29,1647.65
2010-11-28,1638.7
2010-11-26,1649.6
2010-11-25,1660.0
2010-11-24,1664.1
2010-11-23,1655.2
2010-11-22,1660.4
2010-11-21,1673.8
2010-11-19,1666.15
2010-11-18,1672.7
2010-11-17,1638.6
2010-11-16,1645.7
2010-11-15,1676.8
2010-11-14,1685.1
2010-11-12,1681.4
2010-11-11,1756.4
2010-11-10,1744.65
2010-11-09,1769.25
2010-11-08,1769.75
2010-11-07,1772.6
2010-11-05,1771.95
2010-11-04,1768.65
2010-11-03,1708.55
2010-11-02,1720.0
2010-11-01,1712.65
2010-10-31,1713.95
2010-10-29,1709.4
2010-10-28,1695.85
2010-10-27,1681.85
2010-10-26,1706.3
2010-10-25,1698.65
2010-10-24,1680.85
2010-10-22,1679.85
2010-10-21,1678.4
2010-10-20,1690.7
2010-10-19,1667.1
2010-10-18,1693.35
2010-10-17,1696.85
2010-10-15,1699.55
2010-10-14,1713.4
2010-10-13,1712.85
2010-10-12,1691.65
2010-10-11,1693.9
2010-10-10,1714.2
2010-10-08,1708.2
2010-10-07,1705.15
2010-10-06,1716.25
2010-10-05,1703.45
2010-10-04,1671.3
2010-10-03,1684.45
2010-10-01,1683.55
2010-09-30,1660.65
2010-09-29,1654.2
2010-09-28,1642.5
2010-09-27,1632.65
2010-09-26,1652.15
2010-09-24,1650.25
2010-09-23,1646.9
2010-09-22,1639.9
2010-09-21,1628.9
2010-09-20,1632.95
2010-09-19,1622.9
2010-09-17,1622.95
2010-09-16,1613.8
2010-09-15,1602.45
2010-09-14,1590.65
2010-09-13,1554.2
2010-09-12,1541.75
2010-09-10,1541.75
2010-09-09,1552.7
2010-09-08,1562.5
2010-09-07,1556.5
2010-09-06,1562.55
2010-09-05,1562.95
2010-09-03,1557.65
2010-09-02,1550.25
2010-09-01,1533.9
2010-08-31,1524.95
2010-08-30,1530.3
2010-08-29,1536.7
2010-08-27,1537.25
2010-08-26,1532.6
2010-08-25,1530.75
2010-08-24,1516.8
2010-08-23,1510.45
2010-08-22,1514.05
2010-08-20,1514.75
2010-08-19,1529.15
2010-08-18,1536.55
2010-08-17,1543.8
2010-08-16,1538.6
2010-08-15,1525.7
2010-08-13,1526.65
2010-08-12,1529.6
2010-08-11,1525.65
2010-08-10,1549.0
2010-08-09,1548.7
2010-08-08,1572.45
2010-08-06,1576.7
2010-08-05,1573.8
2010-08-04,1586.8
2010-08-03,1586.6
2010-08-02,1603.9
2010-08-01,1575.25
2010-07-30,1575.55
2010-07-27,1533.6
2010-07-26,1551.65
2010-07-25,1544.55
2010-07-23,1545.25
2010-07-22,1529.6
2010-07-21,1519.15
2010-07-20,1518.5
2010-07-19,1505.95
2010-07-18,1515.55
2010-07-16,1513.35
2010-07-15,1533.2
2010-07-14,1524.5
2010-07-13,1536.45
2010-07-12,1518.4
2010-07-11,1536.4
2010-07-09,1534.45
2010-07-08,1525.15
2010-07-07,1533.9
2010-07-06,1516.35
2010-07-05,1508.9
2010-07-04,1507.4
2010-07-02,1505.35
2010-07-01,1504.4
2010-06-30,1535.6
2010-06-29,1543.95
2010-06-28,1571.1
2010-06-27,1582.1
2010-06-25,1577.65
2010-06-24,1568.95
2010-06-23,1574.95
2010-06-22,1593.4
2010-06-21,1602.0
2010-06-20,1603.9
2010-06-18,1598.9
2010-06-17,1586.2
2010-06-16,1571.9
2010-06-15,1576.65
2010-06-14,1559.75
2010-06-13,1546.85
2010-06-11,1542.05
2010-06-10,1546.7
2010-06-09,1527.4
2010-06-08,1529.0
2010-06-07,1514.95
2010-06-06,1510.3
2010-06-04,1513.0
2010-06-03,1551.85
2010-06-02,1556.35
2010-06-01,1550.85
2010-05-31,1564.8
2010-05-30,1552.25
2010-05-28,1547.8
2010-05-27,1564.1
2010-05-26,1522.95
2010-05-25,1519.85
2010-05-24,1528.55
2010-05-23,1497.9
2010-05-21,1504.35
2010-05-20,1489.75
2010-05-19,1615.3
2010-05-18,1675.85
2010-05-17,1674.65
2010-05-16,1718.6
2010-05-14,1722.7
2010-05-13,1735.95
2010-05-12,1735.8
2010-05-11,1708.3
2010-05-10,1698.55
2010-05-09,1669.9
2010-05-07,1665.75
2010-05-06,1662.25
2010-05-05,1655.6
2010-05-04,1671.8
2010-05-03,1728.45
2010-04-30,1743.3
2010-04-29,1738.75
2010-04-28,1714.15
2010-04-27,1725.0
2010-04-26,1753.75
2010-04-25,1744.8
2010-04-23,1743.4
2010-04-22,1745.7
2010-04-21,1737.75
2010-04-20,1724.7
2010-04-19,1696.55
2010-04-18,1692.95
2010-04-16,1695.2
2010-04-15,1725.35
2010-04-14,1735.0
2010-04-13,1723.9
2010-04-12,1731.25
2010-04-11,1734.65
2010-04-09,1725.9
2010-04-08,1718.1
2010-04-07,1712.85
2010-04-06,1707.0
2010-04-05,1700.05
2010-04-04,1678.15
2010-04-01,1673.4
2010-03-31,1649.85
2010-03-30,1622.65
2010-03-29,1625.7
2010-03-28,1606.7
2010-03-26,1602.15
2010-03-25,1603.5
2010-03-24,1581.95
2010-03-23,1613.45
2010-03-22,1610.55
2010-03-19,1612.8
2010-03-18,1626.25
2010-03-17,1633.3
2010-03-16,1634.8
2010-03-15,1621.9
2010-03-14,1609.55
2010-03-12,1608.6
2010-03-11,1607.8
2010-03-10,1592.95
2010-03-09,1593.25
2010-03-08,1595.55
2010-03-07,1572.65
2010-03-05,1577.35
2010-03-04,1577.15
2010-03-03,1582.8
2010-03-02,1571.3
2010-03-01,1549.25
2010-02-28,1544.95
2010-02-26,1541.5
2010-02-25,1527.7
2010-02-24,1519.25
2010-02-23,1519.1
2010-02-22,1531.55
2010-02-21,1544.7
2010-02-19,1532.55
2010-02-18,1503.55
2010-02-17,1530.0
2010-02-16,1538.65
2010-02-15,1512.3
2010-02-14,1514.0
2010-02-12,1514.7
2010-02-11,1528.9
2010-02-10,1509.3
2010-02-09,1504.65
2010-02-08,1476.4
2010-02-07,1483.7
2010-02-05,1483.25
2010-02-04,1509.3
2010-02-03,1573.65
2010-02-02,1578.45
2010-02-01,1548.7
2010-01-31,1502.0
2010-01-29,1502.65
2010-01-28,1507.6
2010-01-27,1519.0
2010-01-26,1529.85
2010-01-25,1553.2
2010-01-24,1537.5
2010-01-22,1548.0
2010-01-21,1588.4
2010-01-20,1608.2
2010-01-19,1641.85
2010-01-18,1622.75
2010-01-17,1601.05
2010-01-15,1599.85
2010-01-14,1612.65
2010-01-13,1580.95
2010-01-12,1574.55
2010-01-11,1590.35
2010-01-10,1585.55
2010-01-08,1581.2
2010-01-07,1555.1
2010-01-06,1563.3
2010-01-05,1536.3
2010-01-04,1528.45
2010-01-03,1477.4
2010-01-01,1474.9
