Date,SP500
2024-05-17,5303.27
2024-05-16,5297.1
2024-05-15,5308.15
2024-05-14,5246.68
2024-05-13,5221.42
2024-05-10,5222.68
2024-05-09,5214.08
2024-05-08,5187.67
2024-05-07,5187.7
2024-05-06,5180.74
2024-05-03,5127.79
2024-05-02,5064.2
2024-05-01,5018.39
2024-04-30,5035.69
2024-04-29,5116.17
2024-04-26,5099.96
2024-04-25,5048.42
2024-04-24,5071.63
2024-04-23,5070.55
2024-04-22,5010.6
2024-04-19,4967.23
2024-04-18,5011.12
2024-04-17,5022.21
2024-04-16,5051.41
2024-04-15,5061.82
2024-04-12,5123.4
2024-04-11,5199.1
2024-04-10,5160.6
2024-04-09,5209.9
2024-04-08,5202.4
2024-04-05,5204.3
2024-04-04,5147.2
2024-04-03,5211.5
2024-04-02,5205.8
2024-04-01,5243.8
2024-03-28,5254.4
2024-03-27,5248.5
2024-03-26,5203.6
2024-03-25,5218.2
2024-03-22,5234.2
2024-03-21,5241.5
2024-03-20,5224.6
2024-03-19,5178.5
2024-03-18,5149.4
2024-03-15,5117.1
2024-03-14,5150.5
2024-03-13,5165.3
2024-03-12,5175.3
2024-03-11,5117.9
2024-03-08,5123.7
2024-03-07,5157.4
2024-03-06,5104.8
2024-03-05,5078.6
2024-03-04,5130.9
2024-03-01,5137.1
2024-02-29,5096.3
2024-02-28,5069.8
2024-02-27,5078.2
2024-02-26,5069.5
2024-02-23,5088.8
2024-02-22,5087.0
2024-02-21,4981.8
2024-02-20,4975.5
2024-02-16,5005.6
2024-02-15,5029.7
2024-02-14,5000.6
2024-02-13,4953.2
2024-02-12,5021.8
2024-02-09,5026.6
2024-02-08,4997.9
2024-02-07,4995.1
2024-02-06,4954.2
2024-02-05,4942.8
2024-02-02,4958.6
2024-02-01,4906.2
2024-01-31,4845.6
2024-01-30,4925.0
2024-01-29,4927.9
2024-01-26,4891.0
2024-01-25,4894.2
2024-01-24,4868.6
2024-01-23,4864.6
2024-01-22,4850.4
2024-01-19,4839.8
2024-01-18,4780.9
2024-01-17,4739.2
2024-01-16,4766.0
2024-01-12,4783.8
2024-01-11,4780.2
2024-01-10,4783.4
2024-01-09,4756.5
2024-01-08,4763.5
2024-01-05,4697.2
2024-01-04,4688.7
2024-01-03,4704.8
2024-01-02,4742.8
2023-12-29,4769.8
2023-12-28,4783.4
2023-12-27,4781.6
2023-12-26,4774.8
2023-12-22,4754.6
2023-12-21,4746.8
2023-12-20,4698.4
2023-12-19,4768.4
2023-12-18,4740.6
2023-12-15,4719.2
2023-12-14,4719.6
2023-12-13,4707.1
2023-12-12,4643.7
2023-12-11,4622.4
2023-12-08,4604.4
2023-12-07,4585.6
2023-12-06,4549.3
2023-12-05,4567.2
2023-12-04,4569.8
2023-12-01,4594.6
2023-11-30,4567.8
2023-11-29,4550.6
2023-11-28,4554.9
2023-11-27,4550.4
2023-11-24,4559.3
2023-11-22,4556.6
2023-11-21,4538.2
2023-11-20,4547.4
2023-11-17,4514.0
2023-11-16,4508.2
2023-11-15,4502.9
2023-11-14,4495.7
2023-11-13,4411.6
2023-11-10,4415.2
2023-11-09,4347.4
2023-11-08,4382.8
2023-11-07,4378.4
2023-11-06,4366.0
2023-11-03,4358.3
2023-11-02,4317.8
2023-11-01,4237.9
2023-10-31,4193.8
2023-10-30,4166.8
2023-10-27,4117.4
2023-10-26,4137.2
2023-10-25,4186.8
2023-10-24,4247.7
2023-10-23,4217.0
2023-10-20,4224.2
2023-10-19,4278.0
2023-10-18,4314.6
2023-10-17,4373.2
2023-10-16,4373.6
2023-10-13,4327.8
2023-10-12,4349.6
2023-10-11,4376.9
2023-10-10,4358.2
2023-10-09,4335.7
2023-10-06,4308.5
2023-10-05,4258.2
2023-10-04,4263.8
2023-10-03,4229.4
2023-10-02,4288.4
2023-09-29,4288.1
2023-09-28,4299.7
2023-09-27,4274.5
2023-09-26,4273.5
2023-09-25,4337.4
2023-09-22,4320.1
2023-09-21,4330.0
2023-09-20,4402.2
2023-09-19,4443.9
2023-09-18,4453.5
2023-09-15,4450.3
2023-09-14,4505.1
2023-09-13,4467.4
2023-09-12,4461.9
2023-09-11,4487.5
2023-09-08,4457.5
2023-09-07,4451.1
2023-09-06,4465.5
2023-09-05,4496.8
2023-09-01,4515.8
2023-08-31,4507.7
2023-08-30,4514.9
2023-08-29,4497.6
2023-08-28,4433.3
2023-08-25,4405.7
2023-08-24,4376.3
2023-08-23,4436.0
2023-08-22,4387.6
2023-08-21,4399.8
2023-08-18,4369.7
2023-08-17,4370.4
2023-08-16,4404.3
2023-08-15,4437.9
2023-08-14,4489.7
2023-08-11,4464.1
2023-08-10,4468.8
2023-08-09,4467.7
2023-08-08,4499.4
2023-08-07,4518.4
2023-08-04,4478.0
2023-08-03,4501.9
2023-08-02,4513.4
2023-08-01,4576.7
2023-07-31,4589.0
2023-07-28,4582.2
2023-07-27,4537.4
2023-07-26,4566.8
2023-07-25,4567.5
2023-07-24,4554.6
2023-07-21,4536.3
2023-07-20,4534.9
2023-07-19,4565.7
2023-07-18,4555.0
2023-07-17,4522.8
2023-07-14,4505.4
2023-07-13,4510.0
2023-07-12,4472.2
2023-07-11,4439.3
2023-07-10,4409.5
2023-07-07,4398.9
2023-07-06,4411.6
2023-07-05,4446.8
2023-07-03,4455.6
2023-06-30,4450.4
2023-06-29,4396.4
2023-06-28,4376.9
2023-06-27,4378.4
2023-06-26,4328.8
2023-06-23,4348.3
2023-06-22,4381.9
2023-06-21,4365.7
2023-06-20,4388.7
2023-06-16,4409.6
2023-06-15,4425.8
2023-06-14,4372.6
2023-06-13,4369.0
2023-06-12,4338.9
2023-06-09,4298.9
2023-06-08,4293.9
2023-06-07,4267.5
2023-06-06,4283.9
2023-06-05,4273.8
2023-06-02,4282.4
2023-06-01,4221.0
2023-05-31,4179.8
2023-05-30,4205.5
2023-05-26,4205.4
2023-05-25,4151.3
2023-05-24,4115.2
2023-05-23,4145.6
2023-05-22,4192.6
2023-05-19,4192.0
2023-05-18,4198.1
2023-05-17,4158.8
2023-05-16,4109.9
2023-05-15,4136.3
2023-05-12,4124.1
2023-05-11,4130.6
2023-05-10,4137.6
2023-05-09,4119.2
2023-05-08,4138.1
2023-05-05,4136.2
2023-05-04,4061.2
2023-05-03,4090.8
2023-05-02,4119.6
2023-05-01,4167.9
2023-04-28,4169.5
2023-04-27,4135.4
2023-04-26,4056.0
2023-04-25,4071.6
2023-04-24,4137.0
2023-04-21,4133.5
2023-04-20,4129.8
2023-04-19,4154.5
2023-04-18,4154.9
2023-04-17,4151.3
2023-04-14,4137.6
2023-04-13,4146.2
2023-04-12,4091.9
2023-04-11,4108.9
2023-04-10,4109.1
2023-04-06,4105.0
2023-04-05,4090.4
2023-04-04,4100.6
2023-04-03,4124.5
2023-03-31,4109.3
2023-03-30,4050.8
2023-03-29,4027.8
2023-03-28,3971.3
2023-03-27,3977.5
2023-03-24,3971.0
2023-03-23,3948.7
2023-03-22,3937.0
2023-03-21,4002.9
2023-03-20,3951.6
2023-03-17,3916.6
2023-03-16,3960.3
2023-03-15,3891.9
2023-03-14,3919.3
2023-03-13,3855.8
2023-03-10,3861.6
2023-03-09,3918.3
2023-03-08,3992.0
2023-03-07,3986.4
2023-03-06,4048.4
2023-03-03,4045.6
2023-03-02,3981.3
2023-03-01,3951.4
2023-02-28,3970.2
2023-02-27,3982.2
2023-02-24,3970.0
2023-02-23,4012.3
2023-02-22,3991.1
2023-02-21,3997.3
2023-02-17,4079.1
2023-02-16,4090.4
2023-02-15,4147.6
2023-02-14,4136.1
2023-02-13,4137.3
2023-02-10,4090.5
2023-02-09,4081.5
2023-02-08,4117.9
2023-02-07,4164.0
2023-02-06,4111.1
2023-02-03,4136.5
2023-02-02,4179.8
2023-02-01,4119.2
2023-01-31,4076.6
2023-01-30,4017.8
2023-01-27,4070.6
2023-01-26,4060.4
2023-01-25,4016.2
2023-01-24,4016.9
2023-01-23,4019.8
2023-01-20,3972.6
2023-01-19,3898.8
2023-01-18,3928.9
2023-01-17,3991.0
2023-01-13,3999.1
2023-01-12,3983.2
2023-01-11,3969.6
2023-01-10,3919.2
2023-01-09,3892.1
2023-01-06,3895.1
2023-01-05,3808.1
2023-01-04,3853.0
2023-01-03,3824.1
2022-12-30,3839.5
2022-12-29,3849.3
2022-12-28,3783.2
2022-12-27,3829.2
2022-12-23,3844.8
2022-12-22,3822.4
2022-12-21,3878.4
2022-12-20,3821.6
2022-12-19,3817.7
2022-12-16,3852.4
2022-12-15,3895.8
2022-12-14,3995.3
2022-12-13,4019.7
2022-12-12,3990.6
2022-12-09,3934.4
2022-12-08,3963.5
2022-12-07,3933.9
2022-12-06,3941.3
2022-12-05,3998.8
2022-12-02,4071.7
2022-12-01,4076.6
2022-11-30,4080.1
2022-11-29,3957.6
2022-11-28,3963.9
2022-11-25,4026.1
2022-11-23,4027.3
2022-11-22,4003.6
2022-11-21,3949.9
2022-11-18,3965.3
2022-11-17,3946.6
2022-11-16,3958.8
2022-11-15,3991.7
2022-11-14,3957.2
2022-11-11,3992.9
2022-11-10,3956.4
2022-11-09,3748.6
2022-11-08,3828.1
2022-11-07,3806.8
2022-11-04,3770.6
2022-11-03,3719.9
2022-11-02,3759.7
2022-11-01,3856.1
2022-10-31,3872.0
2022-10-28,3901.1
2022-10-27,3807.3
2022-10-26,3830.6
2022-10-25,3859.1
2022-10-24,3797.3
2022-10-21,3752.8
2022-10-20,3665.8
2022-10-19,3695.2
2022-10-18,3720.0
2022-10-17,3677.9
2022-10-14,3583.1
2022-10-13,3669.9
2022-10-12,3577.0
2022-10-11,3588.8
2022-10-10,3612.4
2022-10-07,3639.7
2022-10-06,3744.5
2022-10-05,3783.3
2022-10-04,3790.9
2022-10-03,3678.4
2022-09-30,3585.6
2022-09-29,3640.5
2022-09-28,3719.0
2022-09-27,3647.3
2022-09-26,3655.0
2022-09-23,3693.2
2022-09-22,3758.0
2022-09-21,3789.9
2022-09-20,3855.9
2022-09-19,3899.9
2022-09-16,3873.3
2022-09-15,3901.3
2022-09-14,3946.0
2022-09-13,3932.7
2022-09-12,4110.4
2022-09-09,4067.4
2022-09-08,4006.2
2022-09-07,3979.9
2022-09-06,3908.2
2022-09-02,3924.3
2022-09-01,3966.8
2022-08-31,3955.0
2022-08-30,3986.2
2022-08-29,4030.6
2022-08-26,4057.7
2022-08-25,4199.1
2022-08-24,4140.8
2022-08-23,4128.7
2022-08-22,4138.0
2022-08-19,4228.5
2022-08-18,4283.7
2022-08-17,4274.0
2022-08-16,4305.2
2022-08-15,4297.1
2022-08-12,4280.1
2022-08-11,4207.3
2022-08-10,4210.2
2022-08-09,4122.5
2022-08-08,4140.1
2022-08-05,4145.2
2022-08-04,4151.9
2022-08-03,4155.2
2022-08-02,4091.2
2022-08-01,4118.6
2022-07-29,4130.3
2022-07-28,4072.4
2022-07-27,4023.6
2022-07-26,3921.1
2022-07-25,3966.8
2022-07-22,3961.6
2022-07-21,3998.9
2022-07-20,3959.9
2022-07-19,3936.7
2022-07-18,3830.8
2022-07-15,3863.2
2022-07-14,3790.4
2022-07-13,3801.8
2022-07-12,3818.8
2022-07-11,3854.4
2022-07-08,3899.4
2022-07-07,3902.6
2022-07-06,3845.1
2022-07-05,3831.4
2022-07-01,3825.3
2022-06-30,3785.4
2022-06-29,3818.8
2022-06-28,3821.6
2022-06-27,3900.1
2022-06-24,3911.7
2022-06-23,3795.7
2022-06-22,3759.9
2022-06-21,3764.8
2022-06-17,3674.8
2022-06-16,3666.8
2022-06-15,3790.0
2022-06-14,3735.5
2022-06-13,3749.6
2022-06-10,3900.9
2022-06-09,4017.8
2022-06-08,4115.8
2022-06-07,4160.7
2022-06-06,4121.4
2022-06-03,4108.5
2022-06-02,4176.8
2022-06-01,4101.2
2022-05-31,4132.1
2022-05-27,4158.2
2022-05-26,4057.8
2022-05-25,3978.7
2022-05-24,3941.5
2022-05-23,3973.8
2022-05-20,3901.4
2022-05-19,3900.8
2022-05-18,3923.7
2022-05-17,4088.8
2022-05-16,4008.0
2022-05-13,4023.9
2022-05-12,3930.1
2022-05-11,3935.2
2022-05-10,4001.1
2022-05-09,3991.2
2022-05-06,4123.3
2022-05-05,4146.9
2022-05-04,4300.2
2022-05-03,4175.5
2022-05-02,4155.4
2022-04-29,4131.9
2022-04-28,4287.5
2022-04-27,4184.0
2022-04-26,4175.2
2022-04-25,4296.1
2022-04-22,4271.8
2022-04-21,4393.7
2022-04-20,4459.4
2022-04-19,4462.2
2022-04-18,4391.7
2022-04-14,4392.6
2022-04-13,4446.6
2022-04-12,4397.4
2022-04-11,4412.5
2022-04-08,4488.3
2022-04-07,4500.2
2022-04-06,4481.1
2022-04-05,4525.1
2022-04-04,4582.6
2022-04-01,4545.9
2022-03-31,4530.4
2022-03-30,4602.4
2022-03-29,4631.6
2022-03-28,4575.5
2022-03-25,4543.1
2022-03-24,4520.2
2022-03-23,4456.2
2022-03-22,4511.6
2022-03-21,4461.2
2022-03-18,4463.1
2022-03-17,4411.7
2022-03-16,4357.9
2022-03-15,4262.4
2022-03-14,4173.1
2022-03-11,4204.3
2022-03-10,4259.5
2022-03-09,4277.9
2022-03-08,4170.7
2022-03-07,4201.1
2022-03-04,4328.9
2022-03-03,4363.5
2022-03-02,4386.5
2022-03-01,4306.3
2022-02-28,4373.9
2022-02-25,4384.6
2022-02-24,4288.7
2022-02-23,4225.5
2022-02-22,4304.8
2022-02-18,4348.9
2022-02-17,4380.3
2022-02-16,4475.0
2022-02-15,4471.1
2022-02-14,4401.7
2022-02-11,4418.6
2022-02-10,4504.1
2022-02-09,4587.2
2022-02-08,4521.5
2022-02-07,4483.9
2022-02-04,4500.5
2022-02-03,4477.4
2022-02-02,4589.4
2022-02-01,4546.5
2022-01-31,4515.6
2022-01-28,4431.9
2022-01-27,4326.5
2022-01-26,4349.9
2022-01-25,4356.4
2022-01-24,4410.1
2022-01-21,4397.9
2022-01-20,4482.7
2022-01-19,4532.8
2022-01-18,4577.1
2022-01-14,4662.9
2022-01-13,4659.0
2022-01-12,4726.4
2022-01-11,4713.1
2022-01-10,4670.3
2022-01-07,4677.0
2022-01-06,4696.1
2022-01-05,4700.6
2022-01-04,4793.5
2022-01-03,4796.6
2021-12-31,4766.2
2021-12-30,4778.7
2021-12-29,4793.1
2021-12-28,4786.4
2021-12-27,4791.2
2021-12-23,4725.8
2021-12-22,4696.6
2021-12-21,4649.2
2021-12-20,4568.0
2021-12-17,4620.6
2021-12-16,4668.7
2021-12-15,4709.9
2021-12-14,4634.1
2021-12-13,4669.0
2021-12-10,4712.0
2021-12-09,4667.4
2021-12-08,4701.2
2021-12-07,4686.8
2021-12-06,4591.7
2021-12-03,4538.4
2021-12-02,4577.1
2021-12-01,4513.0
2021-11-30,4567.0
2021-11-29,4655.3
2021-11-26,4594.6
2021-11-24,4701.5
2021-11-23,4690.7
2021-11-22,4682.9
2021-11-19,4698.0
2021-11-18,4704.5
2021-11-17,4688.7
2021-11-16,4700.9
2021-11-15,4682.8
2021-11-12,4682.9
2021-11-11,4649.3
2021-11-10,4646.7
2021-11-09,4685.2
2021-11-08,4701.7
2021-11-05,4697.5
2021-11-04,4680.1
2021-11-03,4660.6
2021-11-02,4630.6
2021-11-01,4613.7
2021-10-29,4605.4
2021-10-28,4596.4
2021-10-27,4551.7
2021-10-26,4574.8
2021-10-25,4566.5
2021-10-22,4544.9
2021-10-21,4549.8
2021-10-20,4536.2
2021-10-19,4519.6
2021-10-18,4486.5
2021-10-15,4471.4
2021-10-14,4438.3
2021-10-13,4363.8
2021-10-12,4350.6
2021-10-11,4361.2
2021-10-08,4391.3
2021-10-07,4399.8
2021-10-06,4363.6
2021-10-05,4345.7
2021-10-04,4300.5
2021-10-01,4357.0
2021-09-30,4307.5
2021-09-29,4359.5
2021-09-28,4352.6
2021-09-27,4443.1
2021-09-24,4455.5
2021-09-23,4449.0
2021-09-22,4395.6
2021-09-21,4354.2
2021-09-20,4357.7
2021-09-17,4433.0
2021-09-16,4473.8
2021-09-15,4480.7
2021-09-14,4443.1
2021-09-13,4468.7
2021-09-10,4458.6
2021-09-09,4493.3
2021-09-08,4514.1
2021-09-07,4520.0
2021-09-03,4535.4
2021-09-02,4536.9
2021-09-01,4524.1
2021-08-31,4522.7
2021-08-30,4528.8
2021-08-27,4509.4
2021-08-26,4470.0
2021-08-25,4496.2
2021-08-24,4486.2
2021-08-23,4479.5
2021-08-20,4441.7
2021-08-19,4405.8
2021-08-18,4400.3
2021-08-17,4448.1
2021-08-16,4479.7
2021-08-13,4468.0
2021-08-12,4460.8
2021-08-11,4447.7
2021-08-10,4436.8
2021-08-09,4432.4
2021-08-06,4436.5
2021-08-05,4429.1
2021-08-04,4402.7
2021-08-03,4423.1
2021-08-02,4387.2
2021-07-30,4395.3
2021-07-29,4419.1
2021-07-28,4400.6
2021-07-27,4401.5
2021-07-26,4422.3
2021-07-23,4411.8
2021-07-22,4367.5
2021-07-21,4358.7
2021-07-20,4323.1
2021-07-19,4258.5
2021-07-16,4327.2
2021-07-15,4360.0
2021-07-14,4374.3
2021-07-13,4369.2
2021-07-12,4384.6
2021-07-09,4369.6
2021-07-08,4320.8
2021-07-07,4358.1
2021-07-06,4343.5
2021-07-02,4352.3
2021-07-01,4319.9
2021-06-30,4297.5
2021-06-29,4291.8
2021-06-28,4290.6
2021-06-25,4280.7
2021-06-24,4266.5
2021-06-23,4241.8
2021-06-22,4246.4
2021-06-21,4224.8
2021-06-18,4166.4
2021-06-17,4221.9
2021-06-16,4223.7
2021-06-15,4246.6
2021-06-14,4255.1
2021-06-11,4247.4
2021-06-10,4239.2
2021-06-09,4219.6
2021-06-08,4227.3
2021-06-07,4226.5
2021-06-04,4229.9
2021-06-03,4192.9
2021-06-02,4208.1
2021-06-01,4202.0
2021-05-28,4204.1
2021-05-27,4200.9
2021-05-26,4196.0
2021-05-25,4188.1
2021-05-24,4197.1
2021-05-21,4155.9
2021-05-20,4159.1
2021-05-19,4115.7
2021-05-18,4127.8
2021-05-17,4163.3
2021-05-14,4173.9
2021-05-13,4112.5
2021-05-12,4063.0
2021-05-11,4152.1
2021-05-10,4188.4
2021-05-07,4232.6
2021-05-06,4201.6
2021-05-05,4167.6
2021-05-04,4164.7
2021-05-03,4192.7
2021-04-30,4181.2
2021-04-29,4211.5
2021-04-28,4183.2
2021-04-27,4186.7
2021-04-26,4187.6
2021-04-23,4180.2
2021-04-22,4135.0
2021-04-21,4173.4
2021-04-20,4134.9
2021-04-19,4163.3
2021-04-16,4185.5
2021-04-15,4170.4
2021-04-14,4124.7
2021-04-13,4141.6
2021-04-12,4128.0
2021-04-09,4128.8
2021-04-08,4097.2
2021-04-07,4079.9
2021-04-06,4073.9
2021-04-05,4077.9
2021-04-01,4019.9
2021-03-31,3972.9
2021-03-30,3958.6
2021-03-29,3971.1
2021-03-26,3974.5
2021-03-25,3909.5
2021-03-24,3889.1
2021-03-23,3910.5
2021-03-22,3940.6
2021-03-19,3913.1
2021-03-18,3915.5
2021-03-17,3974.1
2021-03-16,3962.7
2021-03-15,3968.9
2021-03-12,3943.3
2021-03-11,3939.3
2021-03-10,3898.8
2021-03-09,3875.4
2021-03-08,3821.3
2021-03-05,3841.9
2021-03-04,3768.5
2021-03-03,3819.7
2021-03-02,3870.3
2021-03-01,3901.8
2021-02-26,3811.2
2021-02-25,3829.3
2021-02-24,3925.4
2021-02-23,3881.4
2021-02-22,3876.5
2021-02-19,3906.7
2021-02-18,3914.0
2021-02-17,3931.3
2021-02-16,3932.6
2021-02-12,3934.8
2021-02-11,3916.4
2021-02-10,3909.9
2021-02-09,3911.2
2021-02-08,3915.6
2021-02-05,3886.8
2021-02-04,3871.7
2021-02-03,3830.2
2021-02-02,3826.3
2021-02-01,3773.9
2021-01-29,3714.2
2021-01-28,3787.4
2021-01-27,3750.8
2021-01-26,3849.6
2021-01-25,3855.4
2021-01-22,3841.5
2021-01-21,3853.1
2021-01-20,3851.8
2021-01-19,3798.9
2021-01-15,3768.2
2021-01-14,3795.5
2021-01-13,3809.8
2021-01-12,3801.2
2021-01-11,3799.6
2021-01-08,3824.7
2021-01-07,3803.8
2021-01-06,3748.1
2021-01-05,3726.9
2021-01-04,3700.7
2020-12-31,3756.1
2020-12-30,3732.0
2020-12-29,3727.0
2020-12-28,3735.4
2020-12-24,3703.1
2020-12-23,3690.0
2020-12-22,3687.3
2020-12-21,3694.9
2020-12-18,3709.4
2020-12-17,3722.5
2020-12-16,3701.2
2020-12-15,3694.6
2020-12-14,3647.5
2020-12-11,3663.5
2020-12-10,3668.1
2020-12-09,3672.8
2020-12-08,3702.2
2020-12-07,3692.0
2020-12-04,3699.1
2020-12-03,3666.7
2020-12-02,3669.0
2020-12-01,3662.4
2020-11-30,3621.6
2020-11-27,3638.3
2020-11-25,3629.7
2020-11-24,3635.4
2020-11-23,3577.6
2020-11-20,3557.5
2020-11-19,3581.9
2020-11-18,3567.8
2020-11-17,3609.5
2020-11-16,3626.9
2020-11-13,3585.2
2020-11-12,3537.0
2020-11-11,3572.7
2020-11-10,3545.5
2020-11-09,3550.5
2020-11-06,3509.4
2020-11-05,3510.4
2020-11-04,3443.4
2020-11-03,3369.2
2020-11-02,3310.2
2020-10-30,3270.0
2020-10-29,3310.1
2020-10-28,3271.0
2020-10-27,3390.7
2020-10-26,3401.0
2020-10-23,3465.4
2020-10-22,3453.5
2020-10-21,3435.6
2020-10-20,3443.1
2020-10-19,3426.9
2020-10-16,3483.8
2020-10-15,3483.3
2020-10-14,3488.7
2020-10-13,3511.9
2020-10-12,3534.2
2020-10-09,3477.1
2020-10-08,3446.8
2020-10-07,3419.4
2020-10-06,3360.9
2020-10-05,3408.6
2020-10-02,3348.4
2020-10-01,3380.8
2020-09-30,3363.0
2020-09-29,3335.5
2020-09-28,3351.6
2020-09-25,3298.5
2020-09-24,3246.6
2020-09-23,3236.9
2020-09-22,3315.6
2020-09-21,3281.1
2020-09-18,3319.5
2020-09-17,3357.0
2020-09-16,3385.5
2020-09-15,3401.2
2020-09-14,3383.5
2020-09-11,3341.0
2020-09-10,3339.2
2020-09-09,3399.0
2020-09-08,3331.8
2020-09-04,3427.0
2020-09-03,3455.1
2020-09-02,3580.8
2020-09-01,3526.7
2020-08-31,3500.3
2020-08-28,3508.0
2020-08-27,3484.6
2020-08-26,3478.7
2020-08-25,3443.6
2020-08-24,3431.3
2020-08-21,3397.2
2020-08-20,3385.5
2020-08-19,3374.8
2020-08-18,3389.8
2020-08-17,3382.0
2020-08-14,3372.8
2020-08-13,3373.4
2020-08-12,3380.3
2020-08-11,3333.7
2020-08-10,3360.5
2020-08-07,3351.3
2020-08-06,3349.2
2020-08-05,3327.8
2020-08-04,3306.5
2020-08-03,3294.6
2020-07-31,3271.1
2020-07-30,3246.2
2020-07-29,3258.4
2020-07-28,3218.4
2020-07-27,3239.4
2020-07-24,3215.6
2020-07-23,3235.7
2020-07-22,3276.0
2020-07-21,3257.3
2020-07-20,3251.8
2020-07-17,3224.7
2020-07-16,3215.6
2020-07-15,3226.6
2020-07-14,3197.5
2020-07-13,3155.2
2020-07-10,3185.0
2020-07-09,3152.1
2020-07-08,3169.9
2020-07-07,3145.3
2020-07-06,3179.7
2020-07-02,3130.0
2020-07-01,3115.9
2020-06-30,3100.3
2020-06-29,3053.2
2020-06-26,3009.1
2020-06-25,3083.8
2020-06-24,3050.3
2020-06-23,3131.3
2020-06-22,3117.9
2020-06-19,3097.7
2020-06-18,3115.3
2020-06-17,3113.5
2020-06-16,3124.7
2020-06-15,3066.6
2020-06-12,3041.3
2020-06-11,3002.1
2020-06-10,3190.1
2020-06-09,3207.2
2020-06-08,3232.4
2020-06-05,3193.9
2020-06-04,3112.3
2020-06-03,3122.9
2020-06-02,3080.8
2020-06-01,3055.7
2020-05-29,3044.3
2020-05-28,3029.7
2020-05-27,3036.1
2020-05-26,2991.8
2020-05-22,2955.4
2020-05-21,2948.5
2020-05-20,2971.6
2020-05-19,2922.9
2020-05-18,2953.9
2020-05-15,2863.7
2020-05-14,2852.5
2020-05-13,2820.0
2020-05-12,2870.1
2020-05-11,2930.3
2020-05-08,2929.8
2020-05-07,2881.2
2020-05-06,2848.4
2020-05-05,2868.4
2020-05-04,2842.7
2020-05-01,2830.7
2020-04-30,2912.4
2020-04-29,2939.5
2020-04-28,2863.4
2020-04-27,2878.5
2020-04-24,2836.7
2020-04-23,2797.8
2020-04-22,2799.3
2020-04-21,2736.6
2020-04-20,2823.2
2020-04-17,2874.6
2020-04-16,2799.6
2020-04-15,2783.4
2020-04-14,2846.1
2020-04-13,2761.6
2020-04-09,2789.8
2020-04-08,2750.0
2020-04-07,2659.4
2020-04-06,2663.7
2020-04-03,2488.7
2020-04-02,2526.9
2020-04-01,2470.5
2020-03-31,2584.6
2020-03-30,2626.7
2020-03-27,2541.5
2020-03-26,2630.1
2020-03-25,2475.6
2020-03-24,2447.3
2020-03-23,2237.4
2020-03-20,2304.9
2020-03-19,2409.4
2020-03-18,2398.1
2020-03-17,2529.2
2020-03-16,2386.1
2020-03-13,2711.0
2020-03-12,2480.6
2020-03-11,2741.4
2020-03-10,2882.2
2020-03-09,2746.6
2020-03-06,2972.4
2020-03-05,3023.9
2020-03-04,3130.1
2020-03-03,3003.4
2020-03-02,3090.2
2020-02-28,2954.2
2020-02-27,2978.8
2020-02-26,3116.4
2020-02-25,3128.2
2020-02-24,3225.9
2020-02-21,3337.8
2020-02-20,3373.2
2020-02-19,3386.2
2020-02-18,3370.3
2020-02-14,3380.2
2020-02-13,3373.9
2020-02-12,3379.4
2020-02-11,3357.8
2020-02-10,3352.1
2020-02-07,3327.7
2020-02-06,3345.8
2020-02-05,3334.7
2020-02-04,3297.6
2020-02-03,3248.9
2020-01-31,3225.5
2020-01-30,3283.7
2020-01-29,3273.4
2020-01-28,3276.2
2020-01-27,3243.6
2020-01-24,3295.5
2020-01-23,3325.5
2020-01-22,3321.8
2020-01-21,3320.8
2020-01-17,3329.6
2020-01-16,3316.8
2020-01-15,3289.3
2020-01-14,3283.2
2020-01-13,3288.1
2020-01-10,3265.3
2020-01-09,3274.7
2020-01-08,3253.1
2020-01-07,3237.2
2020-01-06,3246.3
2020-01-03,3234.8
2020-01-02,3257.8
2019-12-31,3230.8
2019-12-30,3221.3
2019-12-27,3240.0
2019-12-26,3239.9
2019-12-24,3223.4
2019-12-23,3224.0
2019-12-20,3221.2
2019-12-19,3205.4
2019-12-18,3191.1
2019-12-17,3192.5
2019-12-16,3191.4
2019-12-13,3168.8
2019-12-12,3168.6
2019-12-11,3141.6
2019-12-10,3132.5
2019-12-09,3136.0
2019-12-06,3145.9
2019-12-05,3117.4
2019-12-04,3112.8
2019-12-03,3093.2
2019-12-02,3113.9
2019-11-29,3141.0
2019-11-27,3153.6
2019-11-26,3140.5
2019-11-25,3133.6
2019-11-22,3110.3
2019-11-21,3103.5
2019-11-20,3108.5
2019-11-19,3120.2
2019-11-18,3122.0
2019-11-15,3120.5
2019-11-14,3096.6
2019-11-13,3094.0
2019-11-12,3091.8
2019-11-11,3087.0
2019-11-08,3093.1
2019-11-07,3085.2
2019-11-06,3076.8
2019-11-05,3074.6
2019-11-04,3078.3
2019-11-01,3066.9
2019-10-31,3037.6
2019-10-30,3046.8
2019-10-29,3036.9
2019-10-28,3039.4
2019-10-25,3022.6
2019-10-24,3010.3
2019-10-23,3004.5
2019-10-22,2996.0
2019-10-21,3006.7
2019-10-18,2986.2
2019-10-17,2997.9
2019-10-16,2989.7
2019-10-15,2995.7
2019-10-14,2966.2
2019-10-11,2970.3
2019-10-10,2938.1
2019-10-09,2919.4
2019-10-08,2893.1
2019-10-07,2938.8
2019-10-04,2952.0
2019-10-03,2910.6
2019-10-02,2887.6
2019-10-01,2940.2
2019-09-30,2976.7
2019-09-27,2961.8
2019-09-26,2977.6
2019-09-25,2984.9
2019-09-24,2966.6
2019-09-23,2991.8
2019-09-20,2992.1
2019-09-19,3006.8
2019-09-18,3006.7
2019-09-17,3005.7
2019-09-16,2998.0
2019-09-13,3007.4
2019-09-12,3009.6
2019-09-11,3000.9
2019-09-10,2979.4
2019-09-09,2978.4
2019-09-06,2978.7
2019-09-05,2976.0
2019-09-04,2937.8
2019-09-03,2906.3
2019-08-30,2926.5
2019-08-29,2924.6
2019-08-28,2887.9
2019-08-27,2869.2
2019-08-26,2878.4
2019-08-23,2847.1
2019-08-22,2922.9
2019-08-21,2924.4
2019-08-20,2900.5
2019-08-19,2923.7
2019-08-16,2888.7
2019-08-15,2847.6
2019-08-14,2840.6
2019-08-13,2926.3
2019-08-12,2883.8
2019-08-09,2918.7
2019-08-08,2938.1
2019-08-07,2884.0
2019-08-06,2881.8
2019-08-05,2844.7
2019-08-02,2932.1
2019-08-01,2953.6
2019-07-31,2980.4
2019-07-30,3013.2
2019-07-29,3021.0
2019-07-26,3025.9
2019-07-25,3003.7
2019-07-24,3019.6
2019-07-23,3005.5
2019-07-22,2985.0
2019-07-19,2976.6
2019-07-18,2995.1
2019-07-17,2984.4
2019-07-16,3004.0
2019-07-15,3014.3
2019-07-12,3013.8
2019-07-11,2999.9
2019-07-10,2993.1
2019-07-09,2979.6
2019-07-08,2975.9
2019-07-05,2990.4
2019-07-03,2995.8
2019-07-02,2973.0
2019-07-01,2964.3
2019-06-28,2941.8
2019-06-27,2924.9
2019-06-26,2913.8
2019-06-25,2917.4
2019-06-24,2945.3
2019-06-21,2950.5
2019-06-20,2954.2
2019-06-19,2926.5
2019-06-18,2917.8
2019-06-17,2889.7
2019-06-14,2887.0
2019-06-13,2891.6
2019-06-12,2879.8
2019-06-11,2885.7
2019-06-10,2886.7
2019-06-07,2873.3
2019-06-06,2843.5
2019-06-05,2826.2
2019-06-04,2803.3
2019-06-03,2744.4
2019-05-31,2752.1
2019-05-30,2788.9
2019-05-29,2783.0
2019-05-28,2802.4
2019-05-24,2826.1
2019-05-23,2822.2
2019-05-22,2856.3
2019-05-21,2864.4
2019-05-20,2840.2
2019-05-17,2859.5
2019-05-16,2876.3
2019-05-15,2851.0
2019-05-14,2834.4
2019-05-13,2811.9
2019-05-10,2881.4
2019-05-09,2870.7
2019-05-08,2879.4
2019-05-07,2884.1
2019-05-06,2932.5
2019-05-03,2945.6
2019-05-02,2917.5
2019-05-01,2923.7
2019-04-30,2945.8
2019-04-29,2943.0
2019-04-26,2939.9
2019-04-25,2926.2
2019-04-24,2927.2
2019-04-23,2933.7
2019-04-22,2908.0
2019-04-18,2905.0
2019-04-17,2900.4
2019-04-16,2907.1
2019-04-15,2905.6
2019-04-12,2907.4
2019-04-11,2888.3
2019-04-10,2888.2
2019-04-09,2878.2
2019-04-08,2895.8
2019-04-05,2892.7
2019-04-04,2879.4
2019-04-03,2873.4
2019-04-02,2867.2
2019-04-01,2867.2
2019-03-29,2834.4
2019-03-28,2815.4
2019-03-27,2805.4
2019-03-26,2818.5
2019-03-25,2798.4
2019-03-22,2800.7
2019-03-21,2854.9
2019-03-20,2824.2
2019-03-19,2832.6
2019-03-18,2832.9
2019-03-15,2822.5
2019-03-14,2808.5
2019-03-13,2810.9
2019-03-12,2791.5
2019-03-11,2783.3
2019-03-08,2743.1
2019-03-07,2748.9
2019-03-06,2771.4
2019-03-05,2789.7
2019-03-04,2792.8
2019-03-01,2803.7
2019-02-28,2784.5
2019-02-27,2792.4
2019-02-26,2793.9
2019-02-25,2796.1
2019-02-22,2792.7
2019-02-21,2774.9
2019-02-20,2784.7
2019-02-19,2779.8
2019-02-15,2775.6
2019-02-14,2745.7
2019-02-13,2753.0
2019-02-12,2744.7
2019-02-11,2709.8
2019-02-08,2707.9
2019-02-07,2706.1
2019-02-06,2731.6
2019-02-05,2737.7
2019-02-04,2724.9
2019-02-01,2706.5
2019-01-31,2704.1
2019-01-30,2681.1
2019-01-29,2640.0
2019-01-28,2643.8
2019-01-25,2664.8
2019-01-24,2642.3
2019-01-23,2638.7
2019-01-22,2632.9
2019-01-18,2670.7
2019-01-17,2636.0
2019-01-16,2616.1
2019-01-15,2610.3
2019-01-14,2582.6
2019-01-11,2596.3
2019-01-10,2596.6
2019-01-09,2585.0
2019-01-08,2574.4
2019-01-07,2549.7
2019-01-04,2531.9
2019-01-03,2447.9
2019-01-02,2510.0
2018-12-31,2506.8
2018-12-28,2485.7
2018-12-27,2488.8
2018-12-26,2467.7
2018-12-24,2351.1
2018-12-21,2416.6
2018-12-20,2467.4
2018-12-19,2507.0
2018-12-18,2546.2
2018-12-17,2545.9
2018-12-14,2599.9
2018-12-13,2650.5
2018-12-12,2651.1
2018-12-11,2636.8
2018-12-10,2637.7
2018-12-07,2633.1
2018-12-06,2695.9
2018-12-04,2700.1
2018-12-03,2790.4
2018-11-30,2760.2
2018-11-29,2737.8
2018-11-28,2743.8
2018-11-27,2682.2
2018-11-26,2673.4
2018-11-23,2632.6
2018-11-21,2649.9
2018-11-20,2641.9
2018-11-19,2690.7
2018-11-16,2736.3
2018-11-15,2730.2
2018-11-14,2701.6
2018-11-13,2722.2
2018-11-12,2726.2
2018-11-09,2781.0
2018-11-08,2806.8
2018-11-07,2813.9
2018-11-06,2755.4
2018-11-05,2738.3
2018-11-02,2723.1
2018-11-01,2740.4
2018-10-31,2711.7
2018-10-30,2682.6
2018-10-29,2641.2
2018-10-26,2658.7
2018-10-25,2705.6
2018-10-24,2656.1
2018-10-23,2740.7
2018-10-22,2755.9
2018-10-19,2767.8
2018-10-18,2768.8
2018-10-17,2809.2
2018-10-16,2809.9
2018-10-15,2750.8
2018-10-12,2767.1
2018-10-11,2728.4
2018-10-10,2785.7
2018-10-09,2880.3
2018-10-08,2884.4
2018-10-05,2885.6
2018-10-04,2901.6
2018-10-03,2925.5
2018-10-02,2923.4
2018-10-01,2924.6
2018-09-28,2914.0
2018-09-27,2914.0
2018-09-26,2906.0
2018-09-25,2915.6
2018-09-24,2919.4
2018-09-21,2929.7
2018-09-20,2930.8
2018-09-19,2907.9
2018-09-18,2904.3
2018-09-17,2888.8
2018-09-14,2905.0
2018-09-13,2904.2
2018-09-12,2888.9
2018-09-11,2887.9
2018-09-10,2877.1
2018-09-07,2871.7
2018-09-06,2878.1
2018-09-05,2888.6
2018-09-04,2896.7
2018-08-31,2901.5
2018-08-30,2901.1
2018-08-29,2914.0
2018-08-28,2897.5
2018-08-27,2896.7
2018-08-24,2874.7
2018-08-23,2857.0
2018-08-22,2861.8
2018-08-21,2863.0
2018-08-20,2857.1
2018-08-17,2850.1
2018-08-16,2840.7
2018-08-15,2818.4
2018-08-14,2840.0
2018-08-13,2821.9
2018-08-10,2833.3
2018-08-09,2853.6
2018-08-08,2857.7
2018-08-07,2858.4
2018-08-06,2850.4
2018-08-03,2840.3
2018-08-02,2827.2
2018-08-01,2813.4
2018-07-31,2816.3
2018-07-30,2802.6
2018-07-27,2818.8
2018-07-26,2837.4
2018-07-25,2846.1
2018-07-24,2820.4
2018-07-23,2807.0
2018-07-20,2801.8
2018-07-19,2804.5
2018-07-18,2815.6
2018-07-17,2809.6
2018-07-16,2798.4
2018-07-13,2801.3
2018-07-12,2798.3
2018-07-11,2774.0
2018-07-10,2793.8
2018-07-09,2784.2
2018-07-06,2759.8
2018-07-05,2736.6
2018-07-03,2713.2
2018-07-02,2726.7
2018-06-29,2718.4
2018-06-28,2716.3
2018-06-27,2699.6
2018-06-26,2723.1
2018-06-25,2717.1
2018-06-22,2754.9
2018-06-21,2749.8
2018-06-20,2767.3
2018-06-19,2762.6
2018-06-18,2773.8
2018-06-15,2779.7
2018-06-14,2782.5
2018-06-13,2775.6
2018-06-12,2786.8
2018-06-11,2782.0
2018-06-08,2779.0
2018-06-07,2770.4
2018-06-06,2772.3
2018-06-05,2748.8
2018-06-04,2746.9
2018-06-01,2734.6
2018-05-31,2705.3
2018-05-30,2724.0
2018-05-29,2689.9
2018-05-25,2721.3
2018-05-24,2727.8
2018-05-23,2733.3
2018-05-22,2724.4
2018-05-21,2733.0
2018-05-18,2713.0
2018-05-17,2720.1
2018-05-16,2722.5
2018-05-15,2711.4
2018-05-14,2730.1
2018-05-11,2727.7
2018-05-10,2723.1
2018-05-09,2697.8
2018-05-08,2671.9
2018-05-07,2672.6
2018-05-04,2663.4
2018-05-03,2629.7
2018-05-02,2635.7
2018-05-01,2654.8
2018-04-30,2648.1
2018-04-27,2669.9
2018-04-26,2666.9
2018-04-25,2639.4
2018-04-24,2634.6
2018-04-23,2670.3
2018-04-20,2670.1
2018-04-19,2693.1
2018-04-18,2708.6
2018-04-17,2706.4
2018-04-16,2677.8
2018-04-13,2656.3
2018-04-12,2664.0
2018-04-11,2642.2
2018-04-10,2656.9
2018-04-09,2613.2
2018-04-06,2604.5
2018-04-05,2662.8
2018-04-04,2644.7
2018-04-03,2614.4
2018-04-02,2581.9
2018-03-29,2640.9
2018-03-28,2605.0
2018-03-27,2612.6
2018-03-26,2658.6
2018-03-23,2588.3
2018-03-22,2643.7
2018-03-21,2711.9
2018-03-20,2716.9
2018-03-19,2712.9
2018-03-16,2752.0
2018-03-15,2747.3
2018-03-14,2749.5
2018-03-13,2765.3
2018-03-12,2783.0
2018-03-09,2786.6
2018-03-08,2739.0
2018-03-07,2726.8
2018-03-06,2728.1
2018-03-05,2720.9
2018-03-02,2691.2
2018-03-01,2677.7
2018-02-28,2713.8
2018-02-27,2744.3
2018-02-26,2779.6
2018-02-23,2747.3
2018-02-22,2704.0
2018-02-21,2701.3
2018-02-20,2716.3
2018-02-16,2732.2
2018-02-15,2731.2
2018-02-14,2698.6
2018-02-13,2662.9
2018-02-12,2656.0
2018-02-09,2619.6
2018-02-08,2581.0
2018-02-07,2681.7
2018-02-06,2695.1
2018-02-05,2648.9
2018-02-02,2762.1
2018-02-01,2822.0
2018-01-31,2823.8
2018-01-30,2822.4
2018-01-29,2853.5
2018-01-26,2872.9
2018-01-25,2839.2
2018-01-24,2837.5
2018-01-23,2839.1
2018-01-22,2833.0
2018-01-19,2810.3
2018-01-18,2798.0
2018-01-17,2802.6
2018-01-16,2776.4
2018-01-12,2786.2
2018-01-11,2767.6
2018-01-10,2748.2
2018-01-09,2751.3
2018-01-08,2747.7
2018-01-05,2743.2
2018-01-04,2724.0
2018-01-03,2713.1
2018-01-02,2695.8
2017-12-29,2673.6
2017-12-28,2687.5
2017-12-27,2682.6
2017-12-26,2680.5
2017-12-22,2683.3
2017-12-21,2684.6
2017-12-20,2679.2
2017-12-19,2681.5
2017-12-18,2690.2
2017-12-15,2675.8
2017-12-14,2652.0
2017-12-13,2662.8
2017-12-12,2664.1
2017-12-11,2660.0
2017-12-08,2651.5
2017-12-07,2637.0
2017-12-06,2629.3
2017-12-05,2629.6
2017-12-04,2639.4
2017-12-01,2642.2
2017-11-30,2647.6
2017-11-29,2626.1
2017-11-28,2627.0
2017-11-27,2601.4
2017-11-24,2602.4
2017-11-22,2597.1
2017-11-21,2599.0
2017-11-20,2582.1
2017-11-17,2578.8
2017-11-16,2585.6
2017-11-15,2564.6
2017-11-14,2578.9
2017-11-13,2584.8
2017-11-10,2582.3
2017-11-09,2584.6
2017-11-08,2594.4
2017-11-07,2590.6
2017-11-06,2591.1
2017-11-03,2587.8
2017-11-02,2579.8
2017-11-01,2579.4
2017-10-31,2575.3
2017-10-30,2572.8
2017-10-27,2581.1
2017-10-26,2560.4
2017-10-25,2557.2
2017-10-24,2569.1
2017-10-23,2565.0
2017-10-20,2575.2
2017-10-19,2562.1
2017-10-18,2561.3
2017-10-17,2559.4
2017-10-16,2557.6
2017-10-13,2553.2
2017-10-12,2550.9
2017-10-11,2555.2
2017-10-10,2550.6
2017-10-09,2544.7
2017-10-06,2549.3
2017-10-05,2552.1
2017-10-04,2537.7
2017-10-03,2534.6
2017-10-02,2529.1
2017-09-29,2519.4
2017-09-28,2510.1
2017-09-27,2507.0
2017-09-26,2496.8
2017-09-25,2496.7
2017-09-22,2502.2
2017-09-21,2500.6
2017-09-20,2508.2
2017-09-19,2506.7
2017-09-18,2503.9
2017-09-15,2500.2
2017-09-14,2495.6
2017-09-13,2498.4
2017-09-12,2496.5
2017-09-11,2488.1
2017-09-08,2461.4
2017-09-07,2465.1
2017-09-06,2465.5
2017-09-05,2457.8
2017-09-01,2476.6
2017-08-31,2471.7
2017-08-30,2457.6
2017-08-29,2446.3
2017-08-28,2444.2
2017-08-25,2443.1
2017-08-24,2439.0
2017-08-23,2444.0
2017-08-22,2452.5
2017-08-21,2428.4
2017-08-18,2425.6
2017-08-17,2430.0
2017-08-16,2468.1
2017-08-15,2464.6
2017-08-14,2465.8
2017-08-11,2441.3
2017-08-10,2438.2
2017-08-09,2474.0
2017-08-08,2474.9
2017-08-07,2480.9
2017-08-04,2476.8
2017-08-03,2472.2
2017-08-02,2477.6
2017-08-01,2476.3
2017-07-31,2470.3
2017-07-28,2472.1
2017-07-27,2475.4
2017-07-26,2477.8
2017-07-25,2477.1
2017-07-24,2469.9
2017-07-21,2472.5
2017-07-20,2473.4
2017-07-19,2473.8
2017-07-18,2460.6
2017-07-17,2459.1
2017-07-14,2459.3
2017-07-13,2447.8
2017-07-12,2443.2
2017-07-11,2425.5
2017-07-10,2427.4
2017-07-07,2425.2
2017-07-06,2409.8
2017-07-05,2432.5
2017-07-03,2429.0
2017-06-30,2423.4
2017-06-29,2419.7
2017-06-28,2440.7
2017-06-27,2419.4
2017-06-26,2439.1
2017-06-23,2438.3
2017-06-22,2434.5
2017-06-21,2435.6
2017-06-20,2437.0
2017-06-19,2453.5
2017-06-16,2433.2
2017-06-15,2432.5
2017-06-14,2437.9
2017-06-13,2440.3
2017-06-12,2429.4
2017-06-09,2431.8
2017-06-08,2433.8
2017-06-07,2433.1
2017-06-06,2429.3
2017-06-05,2436.1
2017-06-02,2439.1
2017-06-01,2430.1
2017-05-31,2411.8
2017-05-30,2412.9
2017-05-26,2415.8
2017-05-25,2415.1
2017-05-24,2404.4
2017-05-23,2398.4
2017-05-22,2394.0
2017-05-19,2381.7
2017-05-18,2365.7
2017-05-17,2357.0
2017-05-16,2400.7
2017-05-15,2402.3
2017-05-12,2390.9
2017-05-11,2394.4
2017-05-10,2399.6
2017-05-09,2396.9
2017-05-08,2399.4
2017-05-05,2399.3
2017-05-04,2389.5
2017-05-03,2388.1
2017-05-02,2391.2
2017-05-01,2388.3
2017-04-28,2384.2
2017-04-27,2388.8
2017-04-26,2387.4
2017-04-25,2388.6
2017-04-24,2374.2
2017-04-21,2348.7
2017-04-20,2355.8
2017-04-19,2338.2
2017-04-18,2342.2
2017-04-17,2349.0
2017-04-13,2328.9
2017-04-12,2344.9
2017-04-11,2353.8
2017-04-10,2357.2
2017-04-07,2355.5
2017-04-06,2357.5
2017-04-05,2352.9
2017-04-04,2360.2
2017-04-03,2358.8
2017-03-31,2362.7
2017-03-30,2368.1
2017-03-29,2361.1
2017-03-28,2358.6
2017-03-27,2341.6
2017-03-24,2344.0
2017-03-23,2346.0
2017-03-22,2348.4
2017-03-21,2344.0
2017-03-20,2373.5
2017-03-17,2378.2
2017-03-16,2381.4
2017-03-15,2385.3
2017-03-14,2365.4
2017-03-13,2373.5
2017-03-10,2372.6
2017-03-09,2364.9
2017-03-08,2363.0
2017-03-07,2368.4
2017-03-06,2375.3
2017-03-03,2383.1
2017-03-02,2381.9
2017-03-01,2396.0
2017-02-28,2363.6
2017-02-27,2369.8
2017-02-24,2367.3
2017-02-23,2363.8
2017-02-22,2362.8
2017-02-21,2365.4
2017-02-17,2351.2
2017-02-16,2347.2
2017-02-15,2349.2
2017-02-14,2337.6
2017-02-13,2328.2
2017-02-10,2316.1
2017-02-09,2307.9
2017-02-08,2294.7
2017-02-07,2293.1
2017-02-06,2292.6
2017-02-03,2297.4
2017-02-02,2280.8
2017-02-01,2279.6
2017-01-31,2278.9
2017-01-30,2280.9
2017-01-27,2294.7
2017-01-26,2296.7
2017-01-25,2298.4
2017-01-24,2280.1
2017-01-23,2265.2
2017-01-20,2271.3
2017-01-19,2263.7
2017-01-18,2271.9
2017-01-17,2267.9
2017-01-13,2274.6
2017-01-12,2270.4
2017-01-11,2275.3
2017-01-10,2268.9
2017-01-09,2268.9
2017-01-06,2277.0
2017-01-05,2269.0
2017-01-04,2270.8
2017-01-03,2257.8
2016-12-30,2238.8
2016-12-29,2249.3
2016-12-28,2249.9
2016-12-27,2268.9
2016-12-23,2263.8
2016-12-22,2261.0
2016-12-21,2265.2
2016-12-20,2270.8
2016-12-19,2262.5
2016-12-16,2258.1
2016-12-15,2262.0
2016-12-14,2253.3
2016-12-13,2271.7
2016-12-12,2257.0
2016-12-09,2259.5
2016-12-08,2246.2
2016-12-07,2241.3
2016-12-06,2212.2
2016-12-05,2204.7
2016-12-02,2191.9
2016-12-01,2191.1
2016-11-30,2198.8
2016-11-29,2204.7
2016-11-28,2201.7
2016-11-25,2213.3
2016-11-23,2204.7
2016-11-22,2202.9
2016-11-21,2198.2
2016-11-18,2181.9
2016-11-17,2187.1
2016-11-16,2176.9
2016-11-15,2180.4
2016-11-14,2164.2
2016-11-11,2164.4
2016-11-10,2167.5
2016-11-09,2163.3
2016-11-08,2139.6
2016-11-07,2131.5
2016-11-04,2085.2
2016-11-03,2088.7
2016-11-02,2097.9
2016-11-01,2111.7
2016-10-31,2126.2
2016-10-28,2126.4
2016-10-27,2133.0
2016-10-26,2139.4
2016-10-25,2143.2
2016-10-24,2151.3
2016-10-21,2141.2
2016-10-20,2141.3
2016-10-19,2144.3
2016-10-18,2139.6
2016-10-17,2126.5
2016-10-14,2133.0
2016-10-13,2132.6
2016-10-12,2139.2
2016-10-11,2136.7
2016-10-10,2163.7
2016-10-07,2153.7
2016-10-06,2160.8
2016-10-05,2159.7
2016-10-04,2150.5
2016-10-03,2161.2
2016-09-30,2168.3
2016-09-29,2151.1
2016-09-28,2171.4
2016-09-27,2159.9
2016-09-26,2146.1
2016-09-23,2164.7
2016-09-22,2177.2
2016-09-21,2163.1
2016-09-20,2139.8
2016-09-19,2139.1
2016-09-16,2139.2
2016-09-15,2147.3
2016-09-14,2125.8
2016-09-13,2127.0
2016-09-12,2159.0
2016-09-09,2127.8
2016-09-08,2181.3
2016-09-07,2186.2
2016-09-06,2186.5
2016-09-02,2180.0
2016-09-01,2170.9
2016-08-31,2170.9
2016-08-30,2176.1
2016-08-29,2180.4
2016-08-26,2169.0
2016-08-25,2172.5
2016-08-24,2175.4
2016-08-23,2186.9
2016-08-22,2182.6
2016-08-19,2183.9
2016-08-18,2187.0
2016-08-17,2182.2
2016-08-16,2178.2
2016-08-15,2190.2
2016-08-12,2184.1
2016-08-11,2185.8
2016-08-10,2175.5
2016-08-09,2181.7
2016-08-08,2180.9
2016-08-05,2182.9
2016-08-04,2164.2
2016-08-03,2163.8
2016-08-02,2157.0
2016-08-01,2170.8
2016-07-29,2173.6
2016-07-28,2170.1
2016-07-27,2166.6
2016-07-26,2169.2
2016-07-25,2168.5
2016-07-22,2175.0
2016-07-21,2165.2
2016-07-20,2173.0
2016-07-19,2163.8
2016-07-18,2166.9
2016-07-15,2161.7
2016-07-14,2163.8
2016-07-13,2152.4
2016-07-12,2152.1
2016-07-11,2137.2
2016-07-08,2129.9
2016-07-07,2097.9
2016-07-06,2099.7
2016-07-05,2088.6
2016-07-01,2102.9
2016-06-30,2098.9
2016-06-29,2070.8
2016-06-28,2036.1
2016-06-27,2000.5
2016-06-24,2037.4
2016-06-23,2113.3
2016-06-22,2085.4
2016-06-21,2088.9
2016-06-20,2083.2
2016-06-17,2071.2
2016-06-16,2078.0
2016-06-15,2071.5
2016-06-14,2075.3
2016-06-13,2079.1
2016-06-10,2096.1
2016-06-09,2115.5
2016-06-08,2119.1
2016-06-07,2112.1
2016-06-06,2109.4
2016-06-03,2099.1
2016-06-02,2105.3
2016-06-01,2099.3
2016-05-31,2097.0
2016-05-27,2099.1
2016-05-26,2090.1
2016-05-25,2090.5
2016-05-24,2076.1
2016-05-23,2048.0
2016-05-20,2052.3
2016-05-19,2040.0
2016-05-18,2047.6
2016-05-17,2047.2
2016-05-16,2066.7
2016-05-13,2046.6
2016-05-12,2064.1
2016-05-11,2064.5
2016-05-10,2084.4
2016-05-09,2058.7
2016-05-06,2057.1
2016-05-05,2050.6
2016-05-04,2051.1
2016-05-03,2063.4
2016-05-02,2081.4
2016-04-29,2065.3
2016-04-28,2075.8
2016-04-27,2095.2
2016-04-26,2091.7
2016-04-25,2087.8
2016-04-22,2091.6
2016-04-21,2091.5
2016-04-20,2102.4
2016-04-19,2100.8
2016-04-18,2094.3
2016-04-15,2080.7
2016-04-14,2082.8
2016-04-13,2082.4
2016-04-12,2061.7
2016-04-11,2042.0
2016-04-08,2047.6
2016-04-07,2041.9
2016-04-06,2066.7
2016-04-05,2045.2
2016-04-04,2066.1
2016-04-01,2072.8
2016-03-31,2059.7
2016-03-30,2063.9
2016-03-29,2055.0
2016-03-28,2037.0
2016-03-24,2035.9
2016-03-23,2036.7
2016-03-22,2049.8
2016-03-21,2051.6
2016-03-18,2049.6
2016-03-17,2040.6
2016-03-16,2027.2
2016-03-15,2015.9
2016-03-14,2019.6
2016-03-11,2022.2
2016-03-10,1989.6
2016-03-09,1989.3
2016-03-08,1979.3
2016-03-07,2001.8
2016-03-04,2000.0
2016-03-03,1993.4
2016-03-02,1986.5
2016-03-01,1978.3
2016-02-29,1932.2
2016-02-26,1948.0
2016-02-25,1951.7
2016-02-24,1929.8
2016-02-23,1921.3
2016-02-22,1945.5
2016-02-19,1917.8
2016-02-18,1917.8
2016-02-17,1926.8
2016-02-16,1895.6
2016-02-12,1864.8
2016-02-11,1829.1
2016-02-10,1851.9
2016-02-09,1852.2
2016-02-08,1853.4
2016-02-05,1880.0
2016-02-04,1915.5
2016-02-03,1912.5
2016-02-02,1903.0
2016-02-01,1939.4
2016-01-29,1940.2
2016-01-28,1893.4
2016-01-27,1883.0
2016-01-26,1903.6
2016-01-25,1877.1
2016-01-22,1906.9
2016-01-21,1869.0
2016-01-20,1859.3
2016-01-19,1881.3
2016-01-15,1880.3
2016-01-14,1921.8
2016-01-13,1890.3
2016-01-12,1938.7
2016-01-11,1923.7
2016-01-08,1922.0
2016-01-07,1943.1
2016-01-06,1990.3
2016-01-05,2016.7
2016-01-04,2012.7
2015-12-31,2043.9
2015-12-30,2063.4
2015-12-29,2078.4
2015-12-28,2056.5
2015-12-24,2061.0
2015-12-23,2064.3
2015-12-22,2039.0
2015-12-21,2021.2
2015-12-18,2005.5
2015-12-17,2041.9
2015-12-16,2073.1
2015-12-15,2043.4
2015-12-14,2021.9
2015-12-11,2012.4
2015-12-10,2052.2
2015-12-09,2047.6
2015-12-08,2063.6
2015-12-07,2077.1
2015-12-04,2091.7
2015-12-03,2049.6
2015-12-02,2079.5
2015-12-01,2102.6
2015-11-30,2080.4
2015-11-27,2090.1
2015-11-25,2088.9
2015-11-24,2089.1
2015-11-23,2086.6
2015-11-20,2089.2
2015-11-19,2081.2
2015-11-18,2083.6
2015-11-17,2050.4
2015-11-16,2053.2
2015-11-13,2023.0
2015-11-12,2046.0
2015-11-11,2075.0
2015-11-10,2081.7
2015-11-09,2078.6
2015-11-06,2099.2
2015-11-05,2099.9
2015-11-04,2102.3
2015-11-03,2109.8
2015-11-02,2104.1
2015-10-30,2079.4
2015-10-29,2089.4
2015-10-28,2090.3
2015-10-27,2065.9
2015-10-26,2071.2
2015-10-23,2075.2
2015-10-22,2052.5
2015-10-21,2018.9
2015-10-20,2030.8
2015-10-19,2033.7
2015-10-16,2033.1
2015-10-15,2023.9
2015-10-14,1994.2
2015-10-13,2003.7
2015-10-12,2017.5
2015-10-09,2014.9
2015-10-08,2013.4
2015-10-07,1995.8
2015-10-06,1979.9
2015-10-05,1987.0
2015-10-02,1951.4
2015-10-01,1923.8
2015-09-30,1920.0
2015-09-29,1884.1
2015-09-28,1881.8
2015-09-25,1931.3
2015-09-24,1932.2
2015-09-23,1938.8
2015-09-22,1942.7
2015-09-21,1967.0
2015-09-18,1958.0
2015-09-17,1990.2
2015-09-16,1995.3
2015-09-15,1978.1
2015-09-14,1953.0
2015-09-11,1961.0
2015-09-10,1952.3
2015-09-09,1942.0
2015-09-08,1969.4
2015-09-04,1921.2
2015-09-03,1951.1
2015-09-02,1948.9
2015-09-01,1913.8
2015-08-31,1972.2
2015-08-28,1988.9
2015-08-27,1987.7
2015-08-26,1940.5
2015-08-25,1867.6
2015-08-24,1893.2
2015-08-21,1970.9
2015-08-20,2035.7
2015-08-19,2079.6
2015-08-18,2096.9
2015-08-17,2102.4
2015-08-14,2091.5
2015-08-13,2083.4
2015-08-12,2086.1
2015-08-11,2084.1
2015-08-10,2104.2
2015-08-07,2077.6
2015-08-06,2083.6
2015-08-05,2099.8
2015-08-04,2093.3
2015-08-03,2098.0
2015-07-31,2103.8
2015-07-30,2108.6
2015-07-29,2108.6
2015-07-28,2093.2
2015-07-27,2067.6
2015-07-24,2079.7
2015-07-23,2102.2
2015-07-22,2114.2
2015-07-21,2119.2
2015-07-20,2128.3
2015-07-17,2126.6
2015-07-16,2124.3
2015-07-15,2107.4
2015-07-14,2108.9
2015-07-13,2099.6
2015-07-10,2076.6
2015-07-09,2051.3
2015-07-08,2046.7
2015-07-07,2081.3
2015-07-06,2068.8
2015-07-02,2076.8
2015-07-01,2077.4
2015-06-30,2063.1
2015-06-29,2057.6
2015-06-26,2101.5
2015-06-25,2102.3
2015-06-24,2108.6
2015-06-23,2124.2
2015-06-22,2122.8
2015-06-19,2110.0
2015-06-18,2121.2
2015-06-17,2100.4
2015-06-16,2096.3
2015-06-15,2084.4
2015-06-12,2094.1
2015-06-11,2108.9
2015-06-10,2105.2
2015-06-09,2080.2
2015-06-08,2079.3
2015-06-05,2092.8
2015-06-04,2095.8
2015-06-03,2114.1
2015-06-02,2109.6
2015-06-01,2111.7
2015-05-29,2107.4
2015-05-28,2120.8
2015-05-27,2123.5
2015-05-26,2104.2
2015-05-22,2126.1
2015-05-21,2130.8
2015-05-20,2125.8
2015-05-19,2127.8
2015-05-18,2129.2
2015-05-15,2122.7
2015-05-14,2121.1
2015-05-13,2098.5
2015-05-12,2099.1
2015-05-11,2105.3
2015-05-08,2116.1
2015-05-07,2088.0
2015-05-06,2080.2
2015-05-05,2089.5
2015-05-04,2114.5
2015-05-01,2108.3
2015-04-30,2085.5
2015-04-29,2106.8
2015-04-28,2114.8
2015-04-27,2108.9
2015-04-24,2117.7
2015-04-23,2112.9
2015-04-22,2108.0
2015-04-21,2097.3
2015-04-20,2100.4
2015-04-17,2081.2
2015-04-16,2105.0
2015-04-15,2106.6
2015-04-14,2095.8
2015-04-13,2092.4
2015-04-10,2102.1
2015-04-09,2091.2
2015-04-08,2081.9
2015-04-07,2076.3
2015-04-06,2080.6
2015-04-02,2067.0
2015-04-01,2059.7
2015-03-31,2067.9
2015-03-30,2086.2
2015-03-27,2061.0
2015-03-26,2056.2
2015-03-25,2061.1
2015-03-24,2091.5
2015-03-23,2104.4
2015-03-20,2108.1
2015-03-19,2089.3
2015-03-18,2099.5
2015-03-17,2074.3
2015-03-16,2081.2
2015-03-13,2053.4
2015-03-12,2065.9
2015-03-11,2040.2
2015-03-10,2044.2
2015-03-09,2079.4
2015-03-06,2071.3
2015-03-05,2101.0
2015-03-04,2098.5
2015-03-03,2107.8
2015-03-02,2117.4
2015-02-27,2104.5
2015-02-26,2110.7
2015-02-25,2113.9
2015-02-24,2115.5
2015-02-23,2109.7
2015-02-20,2110.3
2015-02-19,2097.4
2015-02-18,2099.7
2015-02-17,2100.3
2015-02-13,2097.0
2015-02-12,2088.5
2015-02-11,2068.5
2015-02-10,2068.6
2015-02-09,2046.7
2015-02-06,2055.5
2015-02-05,2062.5
2015-02-04,2041.5
2015-02-03,2050.0
2015-02-02,2020.8
2015-01-30,1995.0
2015-01-29,2021.2
2015-01-28,2002.2
2015-01-27,2029.5
2015-01-26,2057.1
2015-01-23,2051.8
2015-01-22,2063.2
2015-01-21,2032.1
2015-01-20,2022.5
2015-01-16,2019.4
2015-01-15,1992.7
2015-01-14,2011.3
2015-01-13,2023.0
2015-01-12,2028.3
2015-01-09,2044.8
2015-01-08,2062.1
2015-01-07,2025.9
2015-01-06,2002.6
2015-01-05,2020.6
2015-01-02,2058.2
2014-12-31,2058.9
2014-12-30,2080.3
2014-12-29,2090.6
2014-12-26,2088.8
2014-12-24,2081.9
2014-12-23,2082.2
2014-12-22,2078.5
2014-12-19,2070.7
2014-12-18,2061.2
2014-12-17,2012.9
2014-12-16,1972.7
2014-12-15,1989.6
2014-12-12,2002.3
2014-12-11,2035.3
2014-12-10,2026.1
2014-12-09,2059.8
2014-12-08,2060.3
2014-12-05,2075.4
2014-12-04,2071.9
2014-12-03,2074.3
2014-12-02,2066.6
2014-12-01,2053.4
2014-11-28,2067.6
2014-11-26,2072.8
2014-11-25,2067.0
2014-11-24,2069.4
2014-11-21,2063.5
2014-11-20,2052.8
2014-11-19,2048.7
2014-11-18,2051.8
2014-11-17,2041.3
2014-11-14,2039.8
2014-11-13,2039.3
2014-11-12,2038.2
2014-11-11,2039.7
2014-11-10,2038.3
2014-11-07,2031.9
2014-11-06,2031.2
2014-11-05,2023.6
2014-11-04,2012.1
2014-11-03,2017.8
2014-10-31,2018.0
2014-10-30,1994.7
2014-10-29,1982.3
2014-10-28,1985.0
2014-10-27,1961.6
2014-10-24,1964.6
2014-10-23,1950.8
2014-10-22,1927.1
2014-10-21,1941.3
2014-10-20,1904.0
2014-10-17,1886.8
2014-10-16,1862.8
2014-10-15,1862.5
2014-10-14,1877.7
2014-10-13,1874.7
2014-10-10,1906.1
2014-10-09,1928.2
2014-10-08,1968.9
2014-10-07,1935.1
2014-10-06,1964.8
2014-10-03,1967.9
2014-10-02,1946.2
2014-10-01,1946.2
2014-09-30,1972.3
2014-09-29,1977.8
2014-09-26,1982.8
2014-09-25,1966.0
2014-09-24,1998.3
2014-09-23,1982.8
2014-09-22,1994.3
2014-09-19,2010.4
2014-09-18,2011.4
2014-09-17,2001.6
2014-09-16,1999.0
2014-09-15,1984.1
2014-09-12,1985.5
2014-09-11,1997.5
2014-09-10,1995.7
2014-09-09,1988.4
2014-09-08,2001.5
2014-09-05,2007.7
2014-09-04,1997.7
2014-09-03,2000.7
2014-09-02,2002.3
2014-08-29,2003.4
2014-08-28,1996.7
2014-08-27,2000.1
2014-08-26,2000.0
2014-08-25,1997.9
2014-08-22,1988.4
2014-08-21,1992.4
2014-08-20,1986.5
2014-08-19,1981.6
2014-08-18,1971.7
2014-08-15,1955.1
2014-08-14,1955.2
2014-08-13,1946.7
2014-08-12,1933.8
2014-08-11,1936.9
2014-08-08,1931.6
2014-08-07,1909.6
2014-08-06,1920.2
2014-08-05,1920.2
2014-08-04,1939.0
2014-08-01,1925.2
2014-07-31,1930.7
2014-07-30,1970.1
2014-07-29,1970.0
2014-07-28,1978.9
2014-07-25,1978.3
2014-07-24,1988.0
2014-07-23,1987.0
2014-07-22,1983.5
2014-07-21,1973.6
2014-07-18,1978.2
2014-07-17,1958.1
2014-07-16,1981.6
2014-07-15,1973.3
2014-07-14,1977.1
2014-07-11,1967.6
2014-07-10,1964.7
2014-07-09,1972.8
2014-07-08,1963.7
2014-07-07,1977.7
2014-07-03,1985.4
2014-07-02,1974.6
2014-07-01,1973.3
2014-06-30,1960.2
2014-06-27,1961.0
2014-06-26,1957.2
2014-06-25,1959.5
2014-06-24,1950.0
2014-06-23,1962.6
2014-06-20,1962.9
2014-06-19,1959.5
2014-06-18,1957.0
2014-06-17,1942.0
2014-06-16,1937.8
2014-06-13,1936.2
2014-06-12,1930.1
2014-06-11,1943.9
2014-06-10,1950.8
2014-06-09,1951.3
2014-06-06,1949.4
2014-06-05,1940.5
2014-06-04,1927.9
2014-06-03,1924.2
2014-06-02,1925.0
2014-05-30,1923.6
2014-05-29,1920.0
2014-05-28,1909.8
2014-05-27,1911.9
2014-05-23,1900.5
2014-05-22,1892.5
2014-05-21,1888.0
2014-05-20,1872.8
2014-05-19,1885.1
2014-05-16,1877.9
2014-05-15,1870.8
2014-05-14,1888.5
2014-05-13,1897.5
2014-05-12,1896.7
2014-05-09,1878.5
2014-05-08,1875.6
2014-05-07,1878.2
2014-05-06,1867.7
2014-05-05,1884.7
2014-05-02,1881.1
2014-05-01,1883.7
2014-04-30,1884.0
2014-04-29,1878.3
2014-04-28,1869.4
2014-04-25,1863.4
2014-04-24,1878.6
2014-04-23,1875.4
2014-04-22,1879.5
2014-04-21,1871.9
2014-04-17,1864.8
2014-04-16,1862.3
2014-04-15,1843.0
2014-04-14,1830.6
2014-04-11,1815.7
2014-04-10,1833.1
2014-04-09,1872.2
2014-04-08,1852.0
2014-04-07,1845.0
2014-04-04,1865.1
2014-04-03,1888.8
2014-04-02,1890.9
2014-04-01,1885.5
2014-03-31,1872.3
2014-03-28,1857.6
2014-03-27,1849.0
2014-03-26,1852.6
2014-03-25,1865.6
2014-03-24,1857.4
2014-03-21,1866.5
2014-03-20,1872.0
2014-03-19,1860.8
2014-03-18,1872.2
2014-03-17,1858.8
2014-03-14,1841.1
2014-03-13,1846.3
2014-03-12,1868.2
2014-03-11,1867.6
2014-03-10,1877.2
2014-03-07,1878.0
2014-03-06,1877.0
2014-03-05,1873.8
2014-03-04,1873.9
2014-03-03,1845.7
2014-02-28,1859.5
2014-02-27,1854.3
2014-02-26,1845.2
2014-02-25,1845.1
2014-02-24,1847.6
2014-02-21,1836.2
2014-02-20,1839.8
2014-02-19,1828.8
2014-02-18,1840.8
2014-02-14,1838.6
2014-02-13,1829.8
2014-02-12,1819.3
2014-02-11,1819.8
2014-02-10,1799.8
2014-02-07,1797.0
2014-02-06,1773.4
2014-02-05,1751.6
2014-02-04,1755.2
2014-02-03,1741.9
2014-01-31,1782.6
2014-01-30,1794.2
2014-01-29,1774.2
2014-01-28,1792.5
2014-01-27,1781.6
2014-01-24,1790.3
2014-01-23,1828.5
2014-01-22,1844.9
2014-01-21,1843.8
2014-01-17,1838.7
2014-01-16,1845.9
2014-01-15,1848.4
2014-01-14,1838.9
2014-01-13,1819.2
2014-01-10,1842.4
2014-01-09,1838.1
2014-01-08,1837.5
2014-01-07,1837.9
2014-01-06,1826.8
2014-01-03,1831.4
2014-01-02,1832.0
2013-12-31,1848.4
2013-12-30,1841.1
2013-12-27,1841.4
2013-12-26,1842.0
2013-12-24,1833.3
2013-12-23,1828.0
2013-12-20,1818.3
2013-12-19,1809.6
2013-12-18,1810.7
2013-12-17,1781.0
2013-12-16,1786.5
2013-12-13,1775.3
2013-12-12,1775.5
2013-12-11,1782.2
2013-12-10,1802.6
2013-12-09,1808.4
2013-12-06,1805.1
2013-12-05,1785.0
2013-12-04,1792.8
2013-12-03,1795.2
2013-12-02,1800.9
2013-11-29,1805.8
2013-11-27,1807.2
2013-11-26,1802.8
2013-11-25,1802.5
2013-11-22,1804.8
2013-11-21,1795.8
2013-11-20,1781.4
2013-11-19,1787.9
2013-11-18,1791.5
2013-11-15,1798.2
2013-11-14,1790.6
2013-11-13,1782.0
2013-11-12,1767.7
2013-11-11,1771.9
2013-11-08,1770.6
2013-11-07,1747.2
2013-11-06,1770.5
2013-11-05,1763.0
2013-11-04,1767.9
2013-11-01,1761.6
2013-10-31,1756.5
2013-10-30,1763.3
2013-10-29,1772.0
2013-10-28,1762.1
2013-10-25,1759.8
2013-10-24,1752.1
2013-10-23,1746.4
2013-10-22,1754.7
2013-10-21,1744.7
2013-10-18,1744.5
2013-10-17,1733.2
2013-10-16,1721.5
2013-10-15,1698.1
2013-10-14,1710.1
2013-10-11,1703.2
2013-10-10,1692.6
2013-10-09,1656.4
2013-10-08,1655.5
2013-10-07,1676.1
2013-10-04,1690.5
2013-10-03,1678.7
2013-10-02,1693.9
2013-10-01,1695.0
2013-09-30,1681.5
2013-09-27,1691.8
2013-09-26,1698.7
2013-09-25,1692.8
2013-09-24,1697.4
2013-09-23,1701.8
2013-09-20,1709.9
2013-09-19,1722.3
2013-09-18,1725.5
2013-09-17,1704.8
2013-09-16,1697.6
2013-09-13,1688.0
2013-09-12,1683.4
2013-09-11,1689.1
2013-09-10,1684.0
2013-09-09,1671.7
2013-09-06,1655.2
2013-09-05,1655.1
2013-09-04,1653.1
2013-09-03,1639.8
2013-08-30,1633.0
2013-08-29,1638.2
2013-08-28,1635.0
2013-08-27,1630.5
2013-08-26,1656.8
2013-08-23,1663.5
2013-08-22,1657.0
2013-08-21,1642.8
2013-08-20,1652.3
2013-08-19,1646.1
2013-08-16,1655.8
2013-08-15,1661.3
2013-08-14,1685.4
2013-08-13,1694.2
2013-08-12,1689.5
2013-08-09,1691.4
2013-08-08,1697.5
2013-08-07,1690.9
2013-08-06,1697.4
2013-08-05,1707.1
2013-08-02,1709.7
2013-08-01,1706.9
2013-07-31,1685.7
2013-07-30,1686.0
2013-07-29,1685.3
2013-07-26,1691.7
2013-07-25,1690.2
2013-07-24,1685.9
2013-07-23,1692.4
2013-07-22,1695.5
2013-07-19,1692.1
2013-07-18,1689.4
2013-07-17,1680.9
2013-07-16,1676.3
2013-07-15,1682.5
2013-07-12,1680.2
2013-07-11,1675.0
2013-07-10,1652.6
2013-07-09,1652.3
2013-07-08,1640.5
2013-07-05,1631.9
2013-07-03,1615.4
2013-07-02,1614.1
2013-07-01,1615.0
2013-06-28,1606.3
2013-06-27,1613.2
2013-06-26,1603.3
2013-06-25,1588.0
2013-06-24,1573.1
2013-06-21,1592.4
2013-06-20,1588.2
2013-06-19,1628.9
2013-06-18,1651.8
2013-06-17,1639.0
2013-06-14,1626.7
2013-06-13,1636.4
2013-06-12,1612.5
2013-06-11,1626.1
2013-06-10,1642.8
2013-06-07,1643.4
2013-06-06,1622.6
2013-06-05,1608.9
2013-06-04,1631.4
2013-06-03,1640.4
2013-05-31,1630.7
2013-05-30,1654.4
2013-05-29,1648.4
2013-05-28,1660.1
2013-05-24,1649.6
2013-05-23,1650.5
2013-05-22,1655.3
2013-05-21,1669.2
2013-05-20,1666.3
2013-05-17,1667.5
2013-05-16,1650.5
2013-05-15,1658.8
2013-05-14,1650.3
2013-05-13,1633.8
2013-05-10,1633.7
2013-05-09,1626.7
2013-05-08,1632.7
2013-05-07,1626.0
2013-05-06,1617.5
2013-05-03,1614.4
2013-05-02,1597.6
2013-05-01,1582.7
2013-04-30,1597.6
2013-04-29,1593.6
2013-04-26,1582.2
2013-04-25,1585.2
2013-04-24,1578.8
2013-04-23,1578.8
2013-04-22,1562.5
2013-04-19,1555.2
2013-04-18,1541.6
2013-04-17,1552.0
2013-04-16,1574.6
2013-04-15,1552.4
2013-04-12,1588.8
2013-04-11,1593.4
2013-04-10,1587.7
2013-04-09,1568.6
2013-04-08,1563.1
2013-04-05,1553.3
2013-04-04,1560.0
2013-04-03,1553.7
2013-04-02,1570.2
2013-04-01,1562.2
2013-03-28,1569.2
2013-03-27,1562.8
2013-03-26,1563.8
2013-03-25,1551.7
2013-03-22,1556.9
2013-03-21,1545.8
2013-03-20,1558.7
2013-03-19,1548.3
2013-03-18,1552.1
2013-03-15,1560.7
2013-03-14,1563.2
2013-03-13,1554.5
2013-03-12,1552.5
2013-03-11,1556.2
2013-03-08,1551.2
2013-03-07,1544.3
2013-03-06,1541.5
2013-03-05,1539.8
2013-03-04,1525.2
2013-03-01,1518.2
2013-02-28,1514.7
2013-02-27,1516.0
2013-02-26,1496.9
2013-02-25,1487.8
2013-02-22,1515.6
2013-02-21,1502.4
2013-02-20,1512.0
2013-02-19,1530.9
2013-02-15,1519.8
2013-02-14,1521.4
2013-02-13,1520.3
2013-02-12,1519.4
2013-02-11,1517.0
2013-02-08,1517.9
2013-02-07,1509.4
2013-02-06,1512.1
2013-02-05,1511.3
2013-02-04,1495.7
2013-02-01,1513.2
2013-01-31,1498.1
2013-01-30,1502.0
2013-01-29,1507.8
2013-01-28,1500.2
2013-01-25,1503.0
2013-01-24,1494.8
2013-01-23,1494.8
2013-01-22,1492.6
2013-01-18,1486.0
2013-01-17,1480.9
2013-01-16,1472.6
2013-01-15,1472.3
2013-01-14,1470.7
2013-01-11,1472.0
2013-01-10,1472.1
2013-01-09,1461.0
2013-01-08,1457.2
2013-01-07,1461.9
2013-01-04,1466.5
2013-01-03,1459.4
2013-01-02,1462.4
2012-12-31,1426.2
2012-12-28,1402.4
2012-12-27,1418.1
2012-12-26,1419.8
2012-12-24,1426.7
2012-12-21,1430.2
2012-12-20,1443.7
2012-12-19,1435.8
2012-12-18,1446.8
2012-12-17,1430.4
2012-12-14,1413.6
2012-12-13,1419.5
2012-12-12,1428.5
2012-12-11,1427.8
2012-12-10,1418.5
2012-12-07,1418.1
2012-12-06,1413.9
2012-12-05,1409.3
2012-12-04,1407.0
2012-12-03,1409.5
2012-11-30,1416.2
2012-11-29,1416.0
2012-11-28,1409.9
2012-11-27,1398.9
2012-11-26,1406.3
2012-11-23,1409.2
2012-11-21,1391.0
2012-11-20,1387.8
2012-11-19,1386.9
2012-11-16,1359.9
2012-11-15,1353.3
2012-11-14,1355.5
2012-11-13,1374.5
2012-11-12,1380.0
2012-11-09,1379.8
2012-11-08,1377.5
2012-11-07,1394.5
2012-11-06,1428.4
2012-11-05,1417.3
2012-11-02,1414.2
2012-11-01,1427.6
2012-10-31,1412.2
2012-10-26,1411.9
2012-10-25,1413.0
2012-10-24,1408.8
2012-10-23,1413.1
2012-10-22,1433.8
2012-10-19,1433.2
2012-10-18,1457.3
2012-10-17,1460.9
2012-10-16,1454.9
2012-10-15,1440.1
2012-10-12,1428.6
2012-10-11,1432.8
2012-10-10,1432.6
2012-10-09,1441.5
2012-10-08,1455.9
2012-10-05,1460.9
2012-10-04,1461.4
2012-10-03,1451.0
2012-10-02,1445.8
2012-10-01,1444.5
2012-09-28,1440.7
2012-09-27,1447.2
2012-09-26,1433.3
2012-09-25,1441.6
2012-09-24,1456.9
2012-09-21,1460.2
2012-09-20,1460.3
2012-09-19,1461.0
2012-09-18,1459.3
2012-09-17,1461.2
2012-09-14,1465.8
2012-09-13,1460.0
2012-09-12,1436.6
2012-09-11,1433.6
2012-09-10,1429.1
2012-09-07,1437.9
2012-09-06,1432.1
2012-09-05,1403.4
2012-09-04,1404.9
2012-08-31,1406.6
2012-08-30,1399.5
2012-08-29,1410.5
2012-08-28,1409.3
2012-08-27,1410.4
2012-08-24,1411.1
2012-08-23,1402.1
2012-08-22,1413.5
2012-08-21,1413.2
2012-08-20,1418.1
2012-08-17,1418.2
2012-08-16,1415.5
2012-08-15,1405.5
2012-08-14,1403.9
2012-08-13,1404.1
2012-08-10,1405.9
2012-08-09,1402.8
2012-08-08,1402.2
2012-08-07,1401.3
2012-08-06,1394.2
2012-08-03,1391.0
2012-08-02,1365.0
2012-08-01,1375.1
2012-07-31,1379.3
2012-07-30,1385.3
2012-07-27,1386.0
2012-07-26,1360.0
2012-07-25,1337.9
2012-07-24,1338.3
2012-07-23,1350.5
2012-07-20,1362.7
2012-07-19,1376.5
2012-07-18,1372.8
2012-07-17,1363.7
2012-07-16,1353.6
2012-07-13,1356.8
2012-07-12,1334.8
2012-07-11,1341.5
2012-07-10,1341.5
2012-07-09,1352.5
2012-07-06,1354.7
2012-07-05,1367.6
2012-07-03,1374.0
2012-07-02,1365.5
2012-06-29,1362.2
2012-06-28,1329.0
2012-06-27,1331.8
2012-06-26,1320.0
2012-06-25,1313.7
2012-06-22,1335.0
2012-06-21,1325.5
2012-06-20,1355.7
2012-06-19,1358.0
2012-06-18,1344.8
2012-06-15,1342.8
2012-06-14,1329.1
2012-06-13,1314.9
2012-06-12,1324.2
2012-06-11,1308.9
2012-06-08,1325.7
2012-06-07,1315.0
2012-06-06,1315.1
2012-06-05,1285.5
2012-06-04,1278.2
2012-06-01,1278.0
2012-05-31,1310.3
2012-05-30,1313.3
2012-05-29,1332.4
2012-05-25,1317.8
2012-05-24,1320.7
2012-05-23,1318.9
2012-05-22,1316.6
2012-05-21,1316.0
2012-05-18,1295.2
2012-05-17,1304.9
2012-05-16,1324.8
2012-05-15,1330.7
2012-05-14,1338.3
2012-05-11,1353.4
2012-05-10,1358.0
2012-05-09,1354.6
2012-05-08,1363.7
2012-05-07,1369.6
2012-05-04,1369.1
2012-05-03,1391.6
2012-05-02,1402.3
2012-05-01,1405.8
2012-04-30,1397.9
2012-04-27,1403.4
2012-04-26,1400.0
2012-04-25,1390.7
2012-04-24,1372.0
2012-04-23,1366.9
2012-04-20,1378.5
2012-04-19,1376.9
2012-04-18,1385.1
2012-04-17,1390.8
2012-04-16,1369.6
2012-04-13,1370.3
2012-04-12,1387.6
2012-04-11,1368.7
2012-04-10,1358.6
2012-04-09,1382.2
2012-04-05,1398.1
2012-04-04,1399.0
2012-04-03,1413.4
2012-04-02,1419.0
2012-03-30,1408.5
2012-03-29,1403.3
2012-03-28,1405.5
2012-03-27,1412.5
2012-03-26,1416.5
2012-03-23,1397.1
2012-03-22,1392.8
2012-03-21,1402.9
2012-03-20,1405.5
2012-03-19,1409.8
2012-03-16,1404.2
2012-03-15,1402.6
2012-03-14,1394.3
2012-03-13,1396.0
2012-03-12,1371.1
2012-03-09,1370.9
2012-03-08,1365.9
2012-03-07,1352.6
2012-03-06,1343.4
2012-03-05,1364.3
2012-03-02,1369.6
2012-03-01,1374.1
2012-02-29,1365.7
2012-02-28,1372.2
2012-02-27,1367.6
2012-02-24,1365.7
2012-02-23,1363.5
2012-02-22,1357.7
2012-02-21,1362.2
2012-02-17,1361.2
2012-02-16,1358.0
2012-02-15,1343.2
2012-02-14,1350.5
2012-02-13,1351.8
2012-02-10,1342.6
2012-02-09,1352.0
2012-02-08,1350.0
2012-02-07,1347.0
2012-02-06,1344.3
2012-02-03,1344.9
2012-02-02,1325.5
2012-02-01,1324.1
2012-01-31,1312.4
2012-01-30,1313.0
2012-01-27,1316.3
2012-01-26,1318.4
2012-01-25,1326.0
2012-01-24,1314.7
2012-01-23,1316.0
2012-01-20,1315.4
2012-01-19,1314.5
2012-01-18,1308.0
2012-01-17,1293.7
2012-01-13,1289.1
2012-01-12,1295.5
2012-01-11,1292.5
2012-01-10,1292.1
2012-01-09,1280.7
2012-01-06,1277.8
2012-01-05,1281.1
2012-01-04,1277.3
2012-01-03,1277.1
2011-12-30,1257.6
2011-12-29,1263.0
2011-12-28,1249.6
2011-12-27,1265.4
2011-12-23,1265.3
2011-12-22,1254.0
2011-12-21,1243.7
2011-12-20,1241.3
2011-12-19,1205.3
2011-12-16,1219.7
2011-12-15,1215.8
2011-12-14,1211.8
2011-12-13,1225.7
2011-12-12,1236.5
2011-12-09,1255.2
2011-12-08,1234.3
2011-12-07,1261.0
2011-12-06,1258.5
2011-12-05,1257.1
2011-12-02,1244.3
2011-12-01,1244.6
2011-11-30,1247.0
2011-11-29,1195.2
2011-11-28,1192.5
2011-11-25,1158.7
2011-11-23,1161.8
2011-11-22,1188.0
2011-11-21,1193.0
2011-11-18,1215.7
2011-11-17,1216.1
2011-11-16,1236.9
2011-11-15,1257.8
2011-11-14,1251.8
2011-11-11,1263.8
2011-11-10,1239.7
2011-11-09,1229.1
2011-11-08,1275.9
2011-11-07,1261.1
2011-11-04,1253.2
2011-11-03,1261.2
2011-11-02,1237.9
2011-11-01,1218.3
2011-10-31,1253.3
2011-10-28,1285.1
2011-10-27,1284.6
2011-10-26,1242.0
2011-10-25,1229.0
2011-10-24,1254.2
2011-10-21,1238.2
2011-10-20,1215.4
2011-10-19,1209.9
2011-10-18,1225.4
2011-10-17,1200.9
2011-10-14,1224.6
2011-10-13,1203.7
2011-10-12,1207.2
2011-10-11,1195.5
2011-10-10,1194.9
2011-10-07,1155.5
2011-10-06,1165.0
2011-10-05,1144.0
2011-10-04,1124.0
2011-10-03,1099.2
2011-09-30,1131.4
2011-09-29,1160.4
2011-09-28,1151.1
2011-09-27,1175.4
2011-09-26,1163.0
2011-09-23,1136.4
2011-09-22,1129.6
2011-09-21,1166.8
2011-09-20,1202.1
2011-09-19,1204.1
2011-09-16,1216.0
2011-09-15,1209.1
2011-09-14,1188.7
2011-09-13,1172.9
2011-09-12,1162.3
2011-09-09,1154.2
2011-09-08,1185.9
2011-09-07,1198.6
2011-09-06,1165.2
2011-09-02,1174.0
2011-09-01,1204.4
2011-08-31,1218.9
2011-08-30,1212.9
2011-08-29,1210.1
2011-08-26,1176.8
2011-08-25,1159.3
2011-08-24,1177.6
2011-08-23,1162.3
2011-08-22,1123.8
2011-08-19,1123.5
2011-08-18,1140.7
2011-08-17,1193.9
2011-08-16,1192.8
2011-08-15,1204.5
2011-08-12,1178.8
2011-08-11,1172.6
2011-08-10,1120.8
2011-08-09,1172.5
2011-08-08,1119.5
2011-08-05,1199.4
2011-08-04,1200.1
2011-08-03,1260.3
2011-08-02,1254.0
2011-08-01,1286.9
2011-07-29,1292.3
2011-07-28,1300.7
2011-07-27,1304.9
2011-07-26,1331.9
2011-07-25,1337.4
2011-07-22,1345.0
2011-07-21,1343.8
2011-07-20,1325.8
2011-07-19,1326.7
2011-07-18,1305.4
2011-07-15,1316.1
2011-07-14,1308.9
2011-07-13,1317.7
2011-07-12,1313.6
2011-07-11,1319.5
2011-07-08,1343.8
2011-07-07,1353.2
2011-07-06,1339.2
2011-07-05,1337.9
2011-07-01,1339.7
2011-06-30,1320.6
2011-06-29,1307.4
2011-06-28,1296.7
2011-06-27,1280.1
2011-06-24,1268.5
2011-06-23,1283.5
2011-06-22,1287.1
2011-06-21,1295.5
2011-06-20,1278.4
2011-06-17,1271.5
2011-06-16,1267.6
2011-06-15,1265.4
2011-06-14,1287.9
2011-06-13,1271.8
2011-06-10,1271.0
2011-06-09,1289.0
2011-06-08,1279.6
2011-06-07,1284.9
2011-06-06,1286.2
2011-06-03,1300.2
2011-06-02,1312.9
2011-06-01,1314.5
2011-05-31,1345.2
2011-05-27,1331.1
2011-05-26,1325.7
2011-05-25,1320.5
2011-05-24,1316.3
2011-05-23,1317.4
2011-05-20,1333.3
2011-05-19,1343.6
2011-05-18,1340.7
2011-05-17,1329.0
2011-05-16,1329.5
2011-05-13,1337.8
2011-05-12,1348.7
2011-05-11,1342.1
2011-05-10,1357.2
2011-05-09,1346.3
2011-05-06,1340.2
2011-05-05,1335.1
2011-05-04,1347.3
2011-05-03,1356.6
2011-05-02,1361.2
2011-04-29,1363.6
2011-04-28,1360.5
2011-04-27,1355.7
2011-04-26,1347.2
2011-04-25,1335.2
2011-04-21,1337.4
2011-04-20,1330.4
2011-04-19,1312.6
2011-04-18,1305.1
2011-04-15,1319.7
2011-04-14,1314.5
2011-04-13,1314.4
2011-04-12,1314.2
2011-04-11,1324.5
2011-04-08,1328.2
2011-04-07,1333.5
2011-04-06,1335.5
2011-04-05,1332.6
2011-04-04,1332.9
2011-04-01,1332.4
2011-03-31,1325.8
2011-03-30,1328.3
2011-03-29,1319.4
2011-03-28,1310.2
2011-03-25,1313.8
2011-03-24,1309.7
2011-03-23,1297.5
2011-03-22,1293.8
2011-03-21,1298.4
2011-03-18,1279.2
2011-03-17,1273.7
2011-03-16,1256.9
2011-03-15,1281.9
2011-03-14,1296.4
2011-03-11,1304.3
2011-03-10,1295.1
2011-03-09,1320.0
2011-03-08,1321.8
2011-03-07,1310.1
2011-03-04,1321.2
2011-03-03,1331.0
2011-03-02,1308.4
2011-03-01,1306.3
2011-02-28,1327.2
2011-02-25,1319.9
2011-02-24,1306.1
2011-02-23,1307.4
2011-02-22,1315.4
2011-02-18,1343.0
2011-02-17,1340.4
2011-02-16,1336.3
2011-02-15,1328.0
2011-02-14,1332.3
2011-02-11,1329.2
2011-02-10,1321.9
2011-02-09,1320.9
2011-02-08,1324.6
2011-02-07,1319.0
2011-02-04,1310.9
2011-02-03,1307.1
2011-02-02,1304.0
2011-02-01,1307.6
2011-01-31,1286.1
2011-01-28,1276.3
2011-01-27,1299.5
2011-01-26,1296.6
2011-01-25,1291.2
2011-01-24,1290.8
2011-01-21,1283.3
2011-01-20,1280.3
2011-01-19,1281.9
2011-01-18,1295.0
2011-01-14,1293.2
2011-01-13,1283.8
2011-01-12,1286.0
2011-01-11,1274.5
2011-01-10,1269.8
2011-01-07,1271.5
2011-01-06,1273.8
2011-01-05,1276.6
2011-01-04,1270.2
2011-01-03,1271.9
2010-12-31,1257.6
2010-12-30,1257.9
2010-12-29,1259.8
2010-12-28,1258.5
2010-12-27,1257.5
2010-12-23,1256.8
2010-12-22,1258.8
2010-12-21,1254.6
2010-12-20,1247.1
2010-12-17,1243.9
2010-12-16,1242.9
2010-12-15,1235.2
2010-12-14,1241.6
2010-12-13,1240.5
2010-12-10,1240.4
2010-12-09,1233.0
2010-12-08,1228.3
2010-12-07,1223.8
2010-12-06,1223.1
2010-12-03,1224.7
2010-12-02,1221.5
2010-12-01,1206.1
2010-11-30,1180.5
2010-11-29,1187.8
2010-11-26,1189.4
2010-11-24,1198.3
2010-11-23,1180.7
2010-11-22,1197.8
2010-11-19,1199.7
2010-11-18,1196.7
2010-11-17,1178.6
2010-11-16,1178.3
2010-11-15,1197.8
2010-11-12,1199.2
2010-11-11,1213.5
2010-11-10,1218.7
2010-11-09,1213.4
2010-11-08,1223.2
2010-11-05,1225.8
2010-11-04,1221.1
2010-11-03,1198.0
2010-11-02,1193.6
2010-11-01,1184.4
2010-10-29,1183.3
2010-10-28,1183.8
2010-10-27,1182.5
2010-10-26,1185.6
2010-10-25,1185.6
2010-10-22,1183.1
2010-10-21,1180.3
2010-10-20,1178.2
2010-10-19,1165.9
2010-10-18,1184.7
2010-10-15,1176.2
2010-10-14,1173.8
2010-10-13,1178.1
2010-10-12,1169.8
2010-10-11,1165.3
2010-10-08,1165.2
2010-10-07,1158.1
2010-10-06,1160.0
2010-10-05,1160.8
2010-10-04,1137.0
2010-10-01,1146.2
2010-09-30,1141.2
2010-09-29,1144.7
2010-09-28,1147.7
2010-09-27,1142.2
2010-09-24,1148.7
2010-09-23,1124.8
2010-09-22,1134.3
2010-09-21,1139.8
2010-09-20,1142.7
2010-09-17,1125.6
2010-09-16,1124.7
2010-09-15,1125.1
2010-09-14,1121.1
2010-09-13,1121.9
2010-09-10,1109.5
2010-09-09,1104.2
2010-09-08,1098.9
2010-09-07,1091.8
2010-09-03,1104.5
2010-09-02,1090.1
2010-09-01,1080.3
2010-08-31,1049.3
2010-08-30,1048.9
2010-08-27,1064.6
2010-08-26,1047.2
2010-08-25,1055.3
2010-08-24,1051.9
2010-08-23,1067.4
2010-08-20,1071.7
2010-08-19,1075.6
2010-08-18,1094.2
2010-08-17,1092.5
2010-08-16,1079.4
2010-08-13,1079.2
2010-08-12,1083.6
2010-08-11,1089.5
2010-08-10,1121.1
2010-08-09,1127.8
2010-08-06,1121.6
2010-08-05,1125.8
2010-08-04,1127.2
2010-08-03,1120.5
2010-08-02,1125.9
2010-07-30,1101.6
2010-07-29,1101.5
2010-07-28,1106.1
2010-07-27,1113.8
2010-07-26,1115.0
2010-07-23,1102.7
2010-07-22,1093.7
2010-07-21,1069.6
2010-07-20,1083.5
2010-07-19,1071.2
2010-07-16,1064.9
2010-07-15,1096.5
2010-07-14,1095.2
2010-07-13,1095.3
2010-07-12,1078.8
2010-07-09,1078.0
2010-07-08,1070.2
2010-07-07,1060.3
2010-07-06,1028.1
2010-07-02,1022.6
2010-07-01,1027.4
2010-06-30,1030.7
2010-06-29,1041.2
2010-06-28,1074.6
2010-06-25,1076.8
2010-06-24,1073.7
2010-06-23,1092.0
2010-06-22,1095.3
2010-06-21,1113.2
2010-06-18,1117.5
2010-06-17,1116.0
2010-06-16,1114.6
2010-06-15,1115.2
2010-06-14,1089.6
2010-06-11,1091.6
2010-06-10,1086.8
2010-06-09,1055.7
2010-06-08,1062.0
2010-06-07,1050.5
2010-06-04,1064.9
2010-06-03,1102.8
2010-06-02,1098.4
2010-06-01,1070.7
2010-05-28,1089.4
2010-05-27,1103.1
2010-05-26,1068.0
2010-05-25,1074.0
2010-05-24,1073.7
2010-05-21,1087.7
2010-05-20,1071.6
2010-05-19,1115.0
2010-05-18,1120.8
2010-05-17,1136.9
2010-05-14,1135.7
2010-05-13,1157.4
2010-05-12,1171.7
2010-05-11,1155.8
2010-05-10,1159.7
2010-05-07,1110.9
2010-05-06,1128.2
2010-05-05,1165.9
2010-05-04,1173.6
2010-05-03,1202.3
2010-04-30,1186.7
2010-04-29,1206.8
2010-04-28,1191.4
2010-04-27,1183.7
2010-04-26,1212.0
2010-04-23,1217.3
2010-04-22,1208.7
2010-04-21,1205.9
2010-04-20,1207.2
2010-04-19,1197.5
2010-04-16,1192.1
2010-04-15,1211.7
2010-04-14,1210.7
2010-04-13,1197.3
2010-04-12,1196.5
2010-04-09,1194.4
2010-04-08,1186.4
2010-04-07,1182.5
2010-04-06,1189.4
2010-04-05,1187.4
2010-04-01,1178.1
2010-03-31,1169.4
2010-03-30,1173.3
2010-03-29,1173.2
2010-03-26,1166.6
2010-03-25,1165.7
2010-03-24,1167.7
2010-03-23,1174.2
2010-03-22,1165.8
2010-03-19,1159.9
2010-03-18,1165.8
2010-03-17,1166.2
2010-03-16,1159.5
2010-03-15,1150.5
2010-03-12,1150.0
2010-03-11,1150.2
2010-03-10,1145.6
2010-03-09,1140.5
2010-03-08,1138.5
2010-03-05,1138.7
2010-03-04,1123.0
2010-03-03,1118.8
2010-03-02,1118.3
2010-03-01,1115.7
2010-02-26,1104.5
2010-02-25,1102.9
2010-02-24,1105.2
2010-02-23,1094.6
2010-02-22,1108.0
2010-02-19,1109.2
2010-02-18,1106.8
2010-02-17,1099.5
2010-02-16,1094.9
2010-02-12,1075.5
2010-02-11,1078.5
2010-02-10,1068.1
2010-02-09,1070.5
2010-02-08,1056.7
2010-02-05,1066.2
2010-02-04,1063.1
2010-02-03,1097.3
2010-02-02,1103.3
2010-02-01,1089.2
2010-01-29,1073.9
2010-01-28,1084.5
2010-01-27,1097.5
2010-01-26,1092.2
2010-01-25,1096.8
2010-01-22,1091.8
2010-01-21,1116.5
2010-01-20,1138.0
2010-01-19,1150.2
2010-01-15,1136.0
2010-01-14,1148.5
2010-01-13,1145.7
2010-01-12,1136.2
2010-01-11,1147.0
2010-01-08,1145.0
2010-01-07,1141.7
2010-01-06,1137.1
2010-01-05,1136.5
2010-01-04,1133.0
